seq,open,high,low,close,ticks,open_time,duration,pip_hl,pip_co,spreed_min,spreed_max,med_low,med_high,big_low,big_high,med_dc_hl_pip,big_dc_hl_pip
1,82.629,83.017,82.609,82.977,300,2021-10-17 22:00:03,0:05:00,4080.0000000000127,3479.99999999999,0.0,0.0,82.609,83.017,82.609,83.017,4080.0000000000127,4080.0000000000127
2,82.972,83.143,82.956,83.113,300,2021-10-17 22:05:04,0:08:46,1869.9999999999761,1410.0000000000534,0.0,0.0,82.609,83.143,82.609,83.143,5340.00000000006,5340.00000000006
3,83.118,83.163,82.936,82.977,300,2021-10-17 22:13:51,0:15:41,2269.9999999998963,1409.9999999999113,0.0,0.0,82.609,83.163,82.609,83.163,5540.00000000002,5540.00000000002
4,82.972,83.052,82.876,82.891,300,2021-10-17 22:29:33,0:27:51,1760.0000000000193,809.9999999998886,0.0,0.0,82.609,83.163,82.609,83.163,5540.00000000002,5540.00000000002
5,82.901,83.098,82.846,83.042,300,2021-10-17 22:57:33,0:27:07,2519.9999999999536,1410.0000000000534,0.0,0.0,82.609,83.163,82.609,83.163,5540.00000000002,5540.00000000002
6,83.047,83.123,82.987,83.022,300,2021-10-17 23:24:43,0:25:34,1360.000000000099,249.99999999991473,0.0,0.0,82.609,83.163,82.609,83.163,5540.00000000002,5540.00000000002
7,83.012,83.168,82.972,83.148,300,2021-10-17 23:50:17,0:16:00,1960.0000000001216,1359.9999999999568,0.0,0.0,82.609,83.168,82.609,83.168,5590.000000000117,5590.000000000117
8,83.138,83.158,82.982,83.007,300,2021-10-18 00:06:19,0:23:34,1760.0000000000193,1310.0000000000023,0.0,0.0,82.609,83.168,82.609,83.168,5590.000000000117,5590.000000000117
9,83.002,83.082,82.881,82.931,300,2021-10-18 00:29:54,0:27:28,2009.999999999934,709.9999999999795,0.0,0.0,82.609,83.168,82.609,83.168,5590.000000000117,5590.000000000117
10,82.936,83.143,82.911,83.123,300,2021-10-18 00:57:35,0:05:53,2319.999999999993,1869.9999999999761,0.0,0.0,82.609,83.168,82.609,83.168,5590.000000000117,5590.000000000117
11,83.118,83.405,83.103,83.395,300,2021-10-18 01:03:31,0:05:55,3020.0000000000673,2770.00000000001,0.0,0.0,82.609,83.405,82.609,83.405,7960.000000000065,7960.000000000065
12,83.39,83.481,83.234,83.274,300,2021-10-18 01:09:27,0:05:08,2469.999999999999,1159.9999999999966,0.0,0.0,82.609,83.481,82.609,83.481,8719.999999999998,8719.999999999998
13,83.294,83.314,83.203,83.294,300,2021-10-18 01:14:38,0:07:42,1109.9999999999,0.0,0.0,0.0,82.846,83.481,82.609,83.481,6349.999999999909,8719.999999999998
14,83.289,83.385,83.254,83.269,300,2021-10-18 01:22:21,0:08:06,1310.0000000000023,199.9999999999602,0.0,0.0,82.846,83.481,82.609,83.481,6349.999999999909,8719.999999999998
15,83.264,83.405,83.239,83.274,300,2021-10-18 01:30:28,0:10:17,1659.9999999999682,100.00000000005116,0.0,0.0,82.846,83.481,82.609,83.481,6349.999999999909,8719.999999999998
16,83.269,83.344,83.219,83.254,300,2021-10-18 01:40:46,0:09:42,1250.0,150.00000000000568,0.0,0.0,82.846,83.481,82.609,83.481,6349.999999999909,8719.999999999998
17,83.244,83.425,83.244,83.385,300,2021-10-18 01:50:33,0:06:50,1809.9999999999739,1410.0000000000534,0.0,0.0,82.881,83.481,82.609,83.481,5999.999999999944,8719.999999999998
18,83.38,83.475,83.329,83.435,300,2021-10-18 01:57:26,0:08:18,1460.000000000008,550.0000000000682,0.0,0.0,82.881,83.481,82.609,83.481,5999.999999999944,8719.999999999998
19,83.44,83.44,83.334,83.38,300,2021-10-18 02:05:47,0:09:03,1059.9999999999454,600.0000000000227,0.0,0.0,82.881,83.481,82.609,83.481,5999.999999999944,8719.999999999998
20,83.375,83.435,83.274,83.425,300,2021-10-18 02:14:51,0:19:29,1610.0000000000136,499.9999999999716,0.0,0.0,82.881,83.481,82.609,83.481,5999.999999999944,8719.999999999998
21,83.435,83.561,83.4,83.541,300,2021-10-18 02:34:23,0:12:38,1610.0000000000136,1059.9999999999454,0.0,0.0,82.911,83.561,82.609,83.561,6500.000000000056,9520.000000000124
22,83.536,83.617,83.455,83.511,300,2021-10-18 02:47:08,0:11:20,1620.0000000000614,250.00000000005684,0.0,0.0,83.103,83.617,82.609,83.617,5140.0000000001,10080.000000000098
23,83.516,83.647,83.506,83.647,300,2021-10-18 02:58:28,0:09:21,1410.0000000000534,1310.0000000000023,0.0,0.0,83.203,83.647,82.609,83.647,4440.000000000026,10380.00000000011
24,83.657,83.738,83.627,83.662,300,2021-10-18 03:07:50,0:08:58,1110.000000000042,50.000000000096634,0.0,0.0,83.203,83.738,82.609,83.738,5349.999999999965,11290.00000000005
25,83.657,83.677,83.511,83.566,300,2021-10-18 03:16:49,0:08:30,1660.0000000001103,909.9999999999397,0.0,0.0,83.219,83.738,82.609,83.738,5190.000000000055,11290.00000000005
26,83.561,83.606,83.435,83.526,300,2021-10-18 03:25:19,0:33:56,1709.9999999999227,350.000000000108,0.0,0.0,83.219,83.738,82.609,83.738,5190.000000000055,11290.00000000005
27,83.521,83.586,83.46,83.465,300,2021-10-18 03:59:29,0:42:50,1260.0000000000477,559.9999999999739,0.0,0.0,83.219,83.738,82.609,83.738,5190.000000000055,11290.00000000005
28,83.47,83.546,83.47,83.486,300,2021-10-18 04:42:20,0:37:33,760.0000000000762,160.00000000005343,0.0,0.0,83.244,83.738,82.609,83.738,4939.999999999998,11290.00000000005
29,83.475,83.627,83.475,83.546,300,2021-10-18 05:20:24,0:16:33,1520.0000000000102,710.0000000001216,0.0,0.0,83.274,83.738,82.609,83.738,4639.999999999986,11290.00000000005
30,83.556,83.591,83.405,83.42,300,2021-10-18 05:36:58,0:13:01,1859.9999999999284,1359.9999999999568,0.0,0.0,83.274,83.738,82.609,83.738,4639.999999999986,11290.00000000005
31,83.425,83.486,83.405,83.435,300,2021-10-18 05:50:00,0:13:29,810.0000000000307,100.00000000005116,0.0,0.0,83.274,83.738,82.609,83.738,4639.999999999986,11290.00000000005
32,83.44,83.455,83.385,83.425,300,2021-10-18 06:03:33,0:13:50,699.9999999999318,150.00000000000568,0.0,0.0,83.385,83.738,82.609,83.738,3529.9999999999445,11290.00000000005
33,83.44,83.526,83.294,83.309,300,2021-10-18 06:17:27,0:13:54,2319.999999999993,1310.0000000000023,0.0,0.0,83.294,83.738,82.609,83.738,4440.000000000026,11290.00000000005
34,83.304,83.329,83.193,83.229,300,2021-10-18 06:31:23,0:13:49,1359.9999999999568,750.0000000000284,0.0,0.0,83.193,83.738,82.609,83.738,5450.000000000017,11290.00000000005
35,83.224,83.304,83.153,83.289,300,2021-10-18 06:45:13,0:11:08,1509.9999999999625,649.9999999999773,0.0,0.0,83.153,83.738,82.609,83.738,5849.999999999937,11290.00000000005
36,83.294,83.314,83.224,83.244,300,2021-10-18 06:56:25,0:09:49,899.999999999892,499.9999999999716,0.0,0.0,83.153,83.677,82.609,83.738,5240.000000000009,11290.00000000005
37,83.239,83.244,83.143,83.188,300,2021-10-18 07:06:15,0:10:45,1009.9999999999909,510.0000000000193,0.0,0.0,83.143,83.627,82.846,83.738,4839.999999999946,8919.99999999996
38,83.193,83.203,83.052,83.098,300,2021-10-18 07:17:01,0:10:26,1509.9999999999625,949.9999999999886,0.0,0.0,83.052,83.627,82.846,83.738,5749.999999999886,8919.99999999996
39,83.103,83.163,83.022,83.022,300,2021-10-18 07:27:28,0:10:15,1409.9999999999113,809.9999999998886,0.0,0.0,83.022,83.627,82.846,83.738,6049.999999999898,8919.99999999996
40,83.032,83.213,83.012,83.168,300,2021-10-18 07:37:46,0:11:07,2009.999999999934,1360.000000000099,0.0,0.0,83.012,83.627,82.881,83.738,6149.999999999949,8569.999999999993
41,83.183,83.284,83.163,83.269,300,2021-10-18 07:48:53,0:10:13,1210.0000000000932,859.9999999999852,0.0,0.0,83.012,83.591,82.881,83.738,5789.999999999935,8569.999999999993
42,83.274,83.309,83.113,83.309,300,2021-10-18 07:59:07,0:09:27,1959.9999999999795,349.9999999999659,0.0,0.0,83.012,83.526,82.881,83.738,5139.999999999958,8569.999999999993
43,83.314,83.365,83.224,83.294,300,2021-10-18 08:08:34,0:08:45,1409.9999999999113,199.9999999999602,0.0,0.0,83.012,83.526,82.911,83.738,5139.999999999958,8269.999999999982
44,83.299,83.38,83.274,83.365,300,2021-10-18 08:17:20,0:10:01,1059.9999999999454,659.9999999998829,0.0,0.0,83.012,83.526,82.911,83.738,5139.999999999958,8269.999999999982
45,83.36,83.4,83.294,83.375,300,2021-10-18 08:27:21,0:06:52,1060.0000000000875,150.00000000000568,0.0,0.0,83.012,83.4,82.911,83.738,3880.0000000000523,8269.999999999982
46,83.38,83.385,83.234,83.299,300,2021-10-18 08:34:14,0:10:59,1510.0000000001046,809.9999999998886,0.0,0.0,83.012,83.4,83.012,83.738,3880.0000000000523,7259.999999999991
47,83.294,83.334,83.168,83.193,300,2021-10-18 08:45:13,0:15:51,1659.9999999999682,1009.9999999999909,0.0,0.0,83.012,83.4,83.012,83.738,3880.0000000000523,7259.999999999991
48,83.198,83.213,83.012,83.022,300,2021-10-18 09:01:11,0:09:30,2009.999999999934,1759.9999999998772,0.0,0.0,83.012,83.4,83.012,83.738,3880.0000000000523,7259.999999999991
49,83.017,83.103,82.972,83.027,300,2021-10-18 09:10:42,0:11:08,1310.0000000000023,100.00000000005116,0.0,0.0,82.972,83.4,82.972,83.738,4280.000000000115,7660.000000000054
50,83.032,83.183,82.987,83.163,300,2021-10-18 09:21:50,0:12:35,1960.0000000001216,1310.0000000000023,0.0,0.0,82.972,83.4,82.972,83.738,4280.000000000115,7660.000000000054
51,83.153,83.274,83.133,83.259,300,2021-10-18 09:34:27,0:15:22,1410.0000000000534,1059.9999999999454,0.0,0.0,82.972,83.4,82.972,83.738,4280.000000000115,7660.000000000054
52,83.254,83.294,83.213,83.274,300,2021-10-18 09:49:50,0:12:37,810.0000000000307,199.9999999999602,0.0,0.0,82.972,83.4,82.972,83.738,4280.000000000115,7660.000000000054
53,83.269,83.526,83.264,83.516,300,2021-10-18 10:02:27,0:09:30,2620.0000000000045,2469.999999999999,0.0,0.0,82.972,83.526,82.972,83.738,5540.00000000002,7660.000000000054
54,83.511,83.617,83.486,83.591,300,2021-10-18 10:11:58,0:10:12,1310.0000000000023,799.999999999983,0.0,0.0,82.972,83.617,82.972,83.738,6450.000000000102,7660.000000000054
55,83.596,83.788,83.566,83.788,300,2021-10-18 10:22:10,0:12:03,2219.999999999942,1919.9999999999307,0.0,0.0,82.972,83.788,82.972,83.788,8160.0000000000255,8160.0000000000255
56,83.778,83.818,83.662,83.702,300,2021-10-18 10:34:13,0:10:01,1559.999999999917,760.0000000000762,0.0,0.0,82.972,83.818,82.972,83.818,8460.000000000036,8460.000000000036
57,83.707,83.717,83.556,83.596,300,2021-10-18 10:44:17,0:14:46,1610.0000000000136,1109.9999999999,0.0,0.0,82.972,83.818,82.972,83.818,8460.000000000036,8460.000000000036
58,83.601,83.647,83.516,83.526,300,2021-10-18 10:59:04,0:13:07,1310.0000000000023,750.0000000000284,0.0,0.0,82.972,83.818,82.972,83.818,8460.000000000036,8460.000000000036
59,83.521,83.606,83.455,83.521,300,2021-10-18 11:12:14,0:16:29,1509.9999999999625,0.0,0.0,0.0,82.972,83.818,82.972,83.818,8460.000000000036,8460.000000000036
60,83.526,83.576,83.465,83.546,300,2021-10-18 11:28:44,0:16:57,1109.9999999999,200.00000000010232,0.0,0.0,82.972,83.818,82.972,83.818,8460.000000000036,8460.000000000036
61,83.536,83.546,83.405,83.475,300,2021-10-18 11:45:45,0:12:42,1410.0000000000534,610.0000000000705,0.0,0.0,82.987,83.818,82.972,83.818,8310.000000000031,8460.000000000036
62,83.47,83.496,83.385,83.455,300,2021-10-18 11:58:28,0:11:54,1109.9999999999,150.00000000000568,0.0,0.0,83.133,83.818,82.972,83.818,6850.000000000023,8460.000000000036
63,83.45,83.576,83.445,83.576,300,2021-10-18 12:10:22,0:15:56,1310.0000000000023,1259.9999999999056,0.0,0.0,83.213,83.818,82.972,83.818,6050.00000000004,8460.000000000036
64,83.586,83.627,83.465,83.501,300,2021-10-18 12:26:22,0:12:19,1619.9999999999193,849.9999999999375,0.0,0.0,83.264,83.818,82.972,83.818,5540.00000000002,8460.000000000036
65,83.506,83.637,83.405,83.425,300,2021-10-18 12:38:42,0:11:09,2319.999999999993,810.0000000000307,0.0,0.0,83.385,83.818,82.972,83.818,4329.999999999927,8460.000000000036
66,83.435,83.536,83.405,83.496,300,2021-10-18 12:49:54,0:10:09,1310.0000000000023,609.9999999999284,0.0,0.0,83.385,83.818,82.972,83.818,4329.999999999927,8460.000000000036
67,83.491,83.576,83.264,83.304,300,2021-10-18 13:00:04,0:03:34,3119.9999999999764,1869.9999999999761,0.0,0.0,83.264,83.818,82.972,83.818,5540.00000000002,8460.000000000036
68,83.294,83.324,83.133,83.274,300,2021-10-18 13:03:39,0:04:16,1910.000000000025,199.9999999999602,0.0,0.0,83.133,83.717,82.972,83.818,5840.000000000032,8460.000000000036
69,83.254,83.274,83.052,83.077,300,2021-10-18 13:07:56,0:05:29,2219.999999999942,1770.000000000067,0.0,0.0,83.052,83.647,82.972,83.818,5949.999999999989,8460.000000000036
70,83.082,83.163,83.037,83.113,300,2021-10-18 13:13:26,0:06:25,1259.9999999999056,310.0000000000591,0.0,0.0,83.037,83.637,82.972,83.818,5999.999999999944,8460.000000000036
71,83.103,83.314,83.072,83.304,300,2021-10-18 13:19:54,0:06:13,2419.9999999999022,2010.0000000000762,0.0,0.0,83.037,83.637,82.972,83.818,5999.999999999944,8460.000000000036
72,83.309,83.508,83.234,83.448,300,2021-10-18 13:26:09,0:06:26,2740.000000000009,1389.999999999958,0.0,0.0,83.037,83.637,82.972,83.818,5999.999999999944,8460.000000000036
73,83.458,83.609,83.448,83.458,300,2021-10-18 13:32:36,0:04:36,1610.0000000000136,0.0,0.0,0.0,83.037,83.637,82.972,83.818,5999.999999999944,8460.000000000036
74,83.463,83.478,83.246,83.337,300,2021-10-18 13:37:12,0:04:09,2319.999999999993,1259.9999999999056,0.0,0.0,83.037,83.637,82.972,83.818,5999.999999999944,8460.000000000036
75,83.327,83.448,83.236,83.271,300,2021-10-18 13:41:22,0:04:02,2119.999999999891,559.9999999999739,0.0,0.0,83.037,83.637,82.972,83.818,5999.999999999944,8460.000000000036
76,83.266,83.287,83.095,83.125,300,2021-10-18 13:45:24,0:05:21,1920.0000000000728,1410.0000000000534,0.0,0.0,83.037,83.637,82.972,83.818,5999.999999999944,8460.000000000036
77,83.135,83.176,82.994,83.105,300,2021-10-18 13:50:47,0:05:14,1820.0000000000216,300.00000000001137,0.0,0.0,82.994,83.609,82.972,83.818,6149.999999999949,8460.000000000036
78,83.11,83.171,83.014,83.145,300,2021-10-18 13:56:02,0:05:54,1570.0000000001069,349.9999999999659,0.0,0.0,82.994,83.609,82.972,83.818,6149.999999999949,8460.000000000036
79,83.135,83.135,82.909,82.934,300,2021-10-18 14:02:00,0:05:42,2259.999999999991,2010.0000000000762,0.0,0.0,82.909,83.609,82.909,83.818,6999.999999999886,9089.999999999918
80,82.929,83.266,82.909,83.256,300,2021-10-18 14:07:43,0:04:55,3569.999999999993,3269.999999999982,0.0,0.0,82.909,83.609,82.909,83.818,6999.999999999886,9089.999999999918
81,83.266,83.276,83.055,83.125,300,2021-10-18 14:12:38,0:06:52,2209.9999999998945,1410.0000000000534,0.0,0.0,82.909,83.609,82.909,83.818,6999.999999999886,9089.999999999918
82,83.12,83.176,82.813,82.828,300,2021-10-18 14:19:33,0:07:25,3629.9999999999955,2920.000000000016,0.0,0.0,82.813,83.609,82.813,83.818,7959.999999999923,10049.999999999955
83,82.823,82.883,82.652,82.712,300,2021-10-18 14:26:58,0:05:02,2309.9999999999454,1109.9999999999,0.0,0.0,82.652,83.609,82.652,83.818,9569.999999999936,11659.999999999967
84,82.722,82.732,82.309,82.42,300,2021-10-18 14:32:01,0:04:16,4230.000000000018,3019.999999999925,0.0,0.0,82.309,83.609,82.309,83.818,12999.99999999997,15090.000000000004
85,82.43,82.44,82.319,82.329,300,2021-10-18 14:36:18,0:04:14,1209.9999999999511,1010.000000000133,0.0,0.0,82.309,83.478,82.309,83.818,11689.999999999969,15090.000000000004
86,82.339,82.566,82.279,82.551,300,2021-10-18 14:40:34,0:03:55,2870.0000000000614,2120.0000000000327,0.0,0.0,82.279,83.448,82.279,83.818,11689.999999999969,15390.000000000015
87,82.556,82.596,82.44,82.5,300,2021-10-18 14:44:30,0:04:01,1560.0000000000591,559.9999999999739,0.0,0.0,82.279,83.287,82.279,83.818,10080.000000000098,15390.000000000015
88,82.49,82.571,82.259,82.415,300,2021-10-18 14:48:31,0:04:04,3119.9999999999764,749.9999999998863,0.0,0.0,82.259,83.276,82.259,83.818,10169.99999999996,15589.999999999975
89,82.41,82.712,82.41,82.702,300,2021-10-18 14:52:36,0:04:51,3020.0000000000673,2920.000000000016,0.0,0.0,82.259,83.276,82.259,83.818,10169.99999999996,15589.999999999975
90,82.692,82.722,82.359,82.41,300,2021-10-18 14:57:27,0:03:57,3629.9999999999955,2819.9999999999645,0.0,0.0,82.259,83.276,82.259,83.818,10169.99999999996,15589.999999999975
91,82.42,82.621,82.41,82.49,300,2021-10-18 15:01:24,0:04:32,2109.9999999999854,699.9999999999318,0.0,0.0,82.259,83.276,82.259,83.647,10169.99999999996,13880.000000000053
92,82.495,82.662,82.42,82.621,300,2021-10-18 15:05:57,0:06:34,2420.0000000000446,1259.9999999999056,0.0,0.0,82.259,83.276,82.259,83.647,10169.99999999996,13880.000000000053
93,82.611,82.672,82.511,82.511,300,2021-10-18 15:12:33,0:07:42,1610.0000000000136,1000.0000000000853,0.0,0.0,82.259,83.176,82.259,83.647,9170.000000000016,13880.000000000053
94,82.5,82.571,82.374,82.374,300,2021-10-18 15:20:17,0:07:47,1970.0000000000273,1260.0000000000477,0.0,0.0,82.259,82.883,82.259,83.637,6239.999999999953,13780.000000000002
95,82.38,82.47,82.163,82.294,300,2021-10-18 15:28:04,0:03:17,3070.000000000022,859.9999999999852,0.0,0.0,82.163,82.732,82.163,83.637,5690.000000000026,14740.000000000038
96,82.309,82.637,82.289,82.591,300,2021-10-18 15:31:21,0:04:35,3479.99999999999,2819.9999999999645,0.0,0.0,82.163,82.722,82.163,83.637,5589.9999999999745,14740.000000000038
97,82.586,82.642,82.531,82.536,300,2021-10-18 15:35:58,0:07:26,1109.9999999999,499.9999999999716,0.0,0.0,82.163,82.722,82.163,83.637,5589.9999999999745,14740.000000000038
98,82.531,82.531,82.44,82.49,300,2021-10-18 15:43:24,0:07:07,910.0000000000819,410.0000000001103,0.0,0.0,82.163,82.722,82.163,83.637,5589.9999999999745,14740.000000000038
99,82.48,82.561,82.304,82.349,300,2021-10-18 15:50:33,0:09:31,2570.00000000005,1310.0000000000023,0.0,0.0,82.163,82.722,82.163,83.637,5589.9999999999745,14740.000000000038
100,82.344,82.42,82.097,82.158,300,2021-10-18 16:00:06,0:04:35,3230.000000000075,1859.9999999999284,0.0,0.0,82.097,82.722,82.097,83.609,6250.0,15120.000000000004
101,82.148,82.284,82.097,82.249,300,2021-10-18 16:04:46,0:06:10,1870.0000000001182,1009.9999999999909,0.0,0.0,82.097,82.722,82.097,83.609,6250.0,15120.000000000004
102,82.259,82.269,82.107,82.158,300,2021-10-18 16:10:58,0:08:27,1620.0000000000614,1009.9999999999909,0.0,0.0,82.097,82.672,82.097,83.609,5750.000000000028,15120.000000000004
103,82.168,82.42,82.158,82.344,300,2021-10-18 16:19:28,0:07:16,2620.0000000000045,1759.9999999998772,0.0,0.0,82.097,82.672,82.097,83.609,5750.000000000028,15120.000000000004
104,82.349,82.369,82.218,82.228,300,2021-10-18 16:26:44,0:12:22,1509.9999999999625,1210.0000000000932,0.0,0.0,82.097,82.672,82.097,83.609,5750.000000000028,15120.000000000004
105,82.218,82.254,82.047,82.062,300,2021-10-18 16:39:06,0:06:51,2070.000000000078,1560.0000000000591,0.0,0.0,82.047,82.642,82.047,83.609,5949.999999999989,15619.999999999976
106,82.067,82.188,82.027,82.148,300,2021-10-18 16:45:57,0:07:58,1610.0000000000136,810.0000000000307,0.0,0.0,82.027,82.642,82.027,83.609,6149.999999999949,15819.999999999936
107,82.168,82.249,82.077,82.138,300,2021-10-18 16:54:02,0:08:14,1719.9999999999704,300.00000000001137,0.0,0.0,82.027,82.642,82.027,83.609,6149.999999999949,15819.999999999936
108,82.118,82.138,81.976,82.037,300,2021-10-18 17:02:17,0:09:18,1620.0000000000614,809.9999999998886,0.0,0.0,81.976,82.642,81.976,83.609,6659.999999999968,16329.999999999956
109,82.047,82.269,81.997,82.269,300,2021-10-18 17:11:36,0:08:38,2720.0000000000555,2220.000000000084,0.0,0.0,81.976,82.561,81.976,83.287,5850.00000000008,13110.000000000071
110,82.264,82.269,82.128,82.173,300,2021-10-18 17:20:14,0:11:04,1410.0000000000534,909.9999999999397,0.0,0.0,81.976,82.561,81.976,83.287,5850.00000000008,13110.000000000071
111,82.168,82.173,81.906,81.956,300,2021-10-18 17:31:20,0:10:17,2669.999999999959,2120.0000000000327,0.0,0.0,81.906,82.42,81.906,83.287,5139.999999999958,13810.000000000002
112,81.966,82.007,81.876,81.997,300,2021-10-18 17:41:37,0:11:25,1310.0000000000023,310.0000000000591,0.0,0.0,81.876,82.42,81.876,83.276,5439.999999999969,13999.999999999915
113,81.992,82.047,81.876,81.881,300,2021-10-18 17:53:02,0:09:21,1709.9999999999227,1110.000000000042,0.0,0.0,81.876,82.42,81.876,83.276,5439.999999999969,13999.999999999915
114,81.876,82.032,81.845,81.946,300,2021-10-18 18:02:24,0:08:31,1869.9999999999761,699.9999999999318,0.0,0.0,81.845,82.42,81.845,83.276,5750.000000000028,14309.999999999975
115,81.951,81.987,81.835,81.987,300,2021-10-18 18:10:58,0:09:00,1520.0000000000102,360.00000000001364,0.0,0.0,81.835,82.369,81.835,83.176,5340.00000000006,13410.000000000082
116,81.992,82.118,81.992,82.118,300,2021-10-18 18:20:00,0:06:47,1259.9999999999056,1259.9999999999056,0.0,0.0,81.835,82.269,81.835,83.176,4340.000000000117,13410.000000000082
117,82.107,82.369,82.107,82.319,300,2021-10-18 18:26:48,0:02:56,2620.0000000000045,2120.0000000000327,0.0,0.0,81.835,82.369,81.835,83.176,5340.00000000006,13410.000000000082
118,82.329,82.329,82.148,82.148,300,2021-10-18 18:29:44,0:09:33,1809.9999999999739,1809.9999999999739,0.0,0.0,81.835,82.369,81.835,82.722,5340.00000000006,8870.000000000004
119,82.158,82.339,82.123,82.339,300,2021-10-18 18:39:30,0:24:50,2159.99999999994,1809.9999999999739,0.0,0.0,81.835,82.369,81.835,82.722,5340.00000000006,8870.000000000004
120,82.334,82.38,82.279,82.294,300,2021-10-18 19:04:24,0:28:08,1009.9999999999909,400.0000000000625,0.0,0.0,81.835,82.38,81.835,82.722,5450.000000000017,8870.000000000004
121,82.299,82.329,82.135,82.161,300,2021-10-18 19:32:33,0:29:27,1939.999999999884,1380.0000000000523,0.0,0.0,81.835,82.38,81.835,82.722,5450.000000000017,8870.000000000004
122,82.166,82.191,82.055,82.06,300,2021-10-18 20:02:18,0:39:06,1359.9999999999568,1059.9999999999454,0.0,0.0,81.835,82.38,81.835,82.722,5450.000000000017,8870.000000000004
123,82.05,82.317,82.05,82.312,300,2021-10-18 20:41:33,1:26:33,2669.999999999959,2620.0000000000045,0.0,0.0,81.835,82.38,81.835,82.722,5450.000000000017,8870.000000000004
124,82.317,82.317,82.126,82.191,300,2021-10-18 22:08:15,1:08:00,1909.999999999883,1259.9999999999056,0.0,0.0,81.835,82.38,81.835,82.672,5450.000000000017,8370.000000000033
125,82.197,82.358,82.176,82.217,300,2021-10-18 23:16:20,0:51:24,1820.0000000000216,199.9999999999602,0.0,0.0,81.835,82.38,81.835,82.672,5450.000000000017,8370.000000000033
126,82.207,82.287,82.116,82.126,300,2021-10-19 00:07:45,0:30:36,1710.0000000000648,809.9999999998886,0.0,0.0,81.835,82.38,81.835,82.672,5450.000000000017,8370.000000000033
127,82.131,82.136,81.935,81.98,300,2021-10-19 00:38:25,0:21:37,2009.999999999934,1509.9999999999625,0.0,0.0,81.935,82.38,81.835,82.642,4449.999999999932,8070.000000000022
128,81.995,82.0,81.864,81.96,300,2021-10-19 01:00:03,0:06:34,1359.9999999999568,350.000000000108,0.0,0.0,81.864,82.38,81.835,82.642,5159.999999999911,8070.000000000022
129,81.955,82.055,81.894,81.95,300,2021-10-19 01:06:38,0:07:23,1610.0000000000136,49.999999999954525,0.0,0.0,81.864,82.38,81.835,82.642,5159.999999999911,8070.000000000022
130,81.955,82.121,81.914,82.111,300,2021-10-19 01:14:04,0:11:20,2069.9999999999363,1560.0000000000591,0.0,0.0,81.864,82.38,81.835,82.642,5159.999999999911,8070.000000000022
131,82.106,82.116,81.924,82.015,300,2021-10-19 01:25:26,0:08:12,1919.9999999999307,909.9999999999397,0.0,0.0,81.864,82.38,81.835,82.642,5159.999999999911,8070.000000000022
132,82.005,82.151,81.985,82.146,300,2021-10-19 01:33:39,0:09:08,1659.9999999999682,1410.0000000000534,0.0,0.0,81.864,82.358,81.835,82.642,4939.999999999998,8070.000000000022
133,82.156,82.287,82.151,82.262,300,2021-10-19 01:42:48,0:10:08,1360.000000000099,1059.9999999999454,0.0,0.0,81.864,82.358,81.835,82.42,4939.999999999998,5850.00000000008
134,82.257,82.297,82.217,82.267,300,2021-10-19 01:52:57,0:07:35,799.999999999983,99.99999999990905,0.0,0.0,81.864,82.358,81.835,82.42,4939.999999999998,5850.00000000008
135,82.262,82.307,82.126,82.146,300,2021-10-19 02:00:33,0:11:26,1809.9999999999739,1159.9999999999966,0.0,0.0,81.864,82.358,81.835,82.42,4939.999999999998,5850.00000000008
136,82.136,82.287,82.136,82.207,300,2021-10-19 02:12:01,0:22:53,1510.0000000001046,709.9999999999795,0.0,0.0,81.864,82.358,81.835,82.42,4939.999999999998,5850.00000000008
137,82.202,82.418,82.126,82.408,300,2021-10-19 02:35:02,0:12:31,2920.000000000016,2060.000000000031,0.0,0.0,81.864,82.418,81.835,82.42,5540.00000000002,5850.00000000008
138,82.413,82.428,82.338,82.358,300,2021-10-19 02:47:37,0:12:03,900.0000000000341,549.9999999999261,0.0,0.0,81.864,82.428,81.835,82.428,5639.999999999929,5930.0000000000355
139,82.363,82.388,82.267,82.277,300,2021-10-19 02:59:42,0:12:34,1210.0000000000932,859.9999999999852,0.0,0.0,81.864,82.428,81.835,82.428,5639.999999999929,5930.0000000000355
140,82.272,82.307,82.186,82.277,300,2021-10-19 03:12:17,0:16:13,1209.9999999999511,49.999999999954525,0.0,0.0,81.894,82.428,81.835,82.428,5339.999999999918,5930.0000000000355
141,82.272,82.398,82.237,82.388,300,2021-10-19 03:28:32,0:48:17,1610.0000000000136,1159.9999999999966,0.0,0.0,81.914,82.428,81.835,82.428,5139.999999999958,5930.0000000000355
142,82.383,82.489,82.348,82.484,300,2021-10-19 04:16:56,0:44:29,1410.0000000000534,1009.9999999999909,0.0,0.0,81.924,82.489,81.835,82.489,5649.999999999977,6540.0000000001055
143,82.479,82.68,82.438,82.665,300,2021-10-19 05:01:25,0:29:04,2420.0000000000446,1860.0000000000705,0.0,0.0,81.985,82.68,81.835,82.68,6950.000000000074,8450.000000000131
144,82.67,82.72,82.6,82.615,300,2021-10-19 05:30:29,0:15:15,1200.0000000000455,550.0000000000682,0.0,0.0,82.126,82.72,81.835,82.72,5939.999999999941,8850.000000000051
145,82.62,82.766,82.579,82.761,300,2021-10-19 05:45:45,0:16:28,1870.0000000001182,1409.9999999999113,0.0,0.0,82.126,82.766,81.835,82.766,6400.0000000000055,9310.000000000116
146,82.771,82.831,82.71,82.831,300,2021-10-19 06:02:16,0:19:47,1210.0000000000932,600.0000000000227,0.0,0.0,82.126,82.831,81.835,82.831,7049.999999999983,9960.000000000093
147,82.826,82.982,82.791,82.912,300,2021-10-19 06:22:04,0:13:58,1910.000000000025,860.0000000001273,0.0,0.0,82.126,82.982,81.835,82.982,8559.999999999945,11470.000000000056
148,82.922,82.937,82.801,82.811,300,2021-10-19 06:36:03,0:13:36,1359.9999999999568,1109.9999999999,0.0,0.0,82.126,82.982,81.835,82.982,8559.999999999945,11470.000000000056
149,82.806,82.826,82.69,82.781,300,2021-10-19 06:49:40,0:12:01,1359.9999999999568,249.99999999991473,0.0,0.0,82.186,82.982,81.835,82.982,7959.999999999923,11470.000000000056
150,82.771,82.882,82.771,82.872,300,2021-10-19 07:01:43,0:13:22,1110.000000000042,1009.9999999999909,0.0,0.0,82.186,82.982,81.835,82.982,7959.999999999923,11470.000000000056
151,82.861,82.882,82.67,82.796,300,2021-10-19 07:15:08,0:15:34,2120.0000000000327,649.9999999999773,0.0,0.0,82.186,82.982,81.864,82.982,7959.999999999923,11179.999999999949
152,82.791,82.967,82.741,82.967,300,2021-10-19 07:30:46,0:14:45,2259.999999999991,1760.0000000000193,0.0,0.0,82.237,82.982,81.864,82.982,7450.0000000000455,11179.999999999949
153,82.962,83.063,82.942,83.043,300,2021-10-19 07:45:31,0:15:12,1210.0000000000932,810.0000000000307,0.0,0.0,82.348,83.063,81.864,83.063,7150.000000000035,11989.99999999998
154,83.048,83.063,82.942,83.023,300,2021-10-19 08:00:44,0:10:07,1210.0000000000932,250.00000000005684,0.0,0.0,82.438,83.063,81.864,83.063,6250.0,11989.99999999998
155,83.028,83.053,82.872,82.937,300,2021-10-19 08:10:52,0:10:41,1809.9999999999739,910.0000000000819,0.0,0.0,82.579,83.063,81.864,83.063,4840.000000000089,11989.99999999998
156,82.922,83.013,82.902,82.962,300,2021-10-19 08:21:34,0:07:53,1110.000000000042,400.0000000000625,0.0,0.0,82.579,83.063,81.864,83.063,4840.000000000089,11989.99999999998
157,82.952,83.003,82.801,82.872,300,2021-10-19 08:29:28,0:07:33,2019.9999999999818,799.999999999983,0.0,0.0,82.67,83.063,81.864,83.063,3930.000000000007,11989.99999999998
158,82.867,83.073,82.861,83.068,300,2021-10-19 08:37:03,0:10:03,2119.999999999891,2009.999999999934,0.0,0.0,82.67,83.073,81.864,83.073,4029.999999999916,12089.999999999889
159,83.063,83.123,83.013,83.113,300,2021-10-19 08:47:07,0:09:59,1099.9999999999943,499.9999999999716,0.0,0.0,82.67,83.123,81.864,83.123,4530.000000000029,12590.000000000004
160,83.123,83.254,83.063,83.254,300,2021-10-19 08:57:08,0:10:00,1910.000000000025,1310.0000000000023,0.0,0.0,82.67,83.254,81.864,83.254,5840.000000000032,13900.000000000005
161,83.244,83.28,83.149,83.194,300,2021-10-19 09:07:09,0:12:52,1310.0000000000023,499.9999999999716,0.0,0.0,82.67,83.28,81.864,83.28,6099.9999999999945,14159.999999999967
162,83.189,83.345,83.164,83.34,300,2021-10-19 09:20:02,0:18:29,1809.9999999999739,1510.0000000001046,0.0,0.0,82.67,83.345,81.864,83.345,6749.999999999972,14809.999999999945
163,83.345,83.365,83.204,83.229,300,2021-10-19 09:38:34,0:16:08,1610.0000000000136,1159.9999999999966,0.0,0.0,82.741,83.365,81.914,83.365,6239.999999999953,14509.999999999935
164,83.234,83.285,83.139,83.244,300,2021-10-19 09:54:43,0:12:46,1460.000000000008,100.00000000005116,0.0,0.0,82.801,83.365,81.914,83.365,5639.999999999929,14509.999999999935
165,83.275,83.4,83.244,83.285,300,2021-10-19 10:07:42,0:14:17,1560.0000000000591,99.99999999990905,0.0,0.0,82.801,83.4,81.914,83.4,5990.000000000037,14860.000000000042
166,83.275,83.305,83.128,83.159,300,2021-10-19 10:22:03,0:12:19,1770.000000000067,1159.9999999999966,0.0,0.0,82.801,83.4,82.126,83.4,5990.000000000037,12740.00000000001
167,83.154,83.345,83.154,83.315,300,2021-10-19 10:34:23,0:15:51,1910.000000000025,1610.0000000000136,0.0,0.0,82.801,83.4,82.126,83.4,5990.000000000037,12740.00000000001
168,83.32,83.365,83.285,83.325,300,2021-10-19 10:50:27,0:15:32,799.999999999983,50.000000000096634,0.0,0.0,82.801,83.4,82.126,83.4,5990.000000000037,12740.00000000001
169,83.335,83.34,83.224,83.254,300,2021-10-19 11:06:00,0:15:03,1159.9999999999966,809.9999999998886,0.0,0.0,82.861,83.4,82.126,83.4,5390.000000000015,12740.00000000001
170,83.249,83.315,83.144,83.149,300,2021-10-19 11:21:03,0:14:26,1709.9999999999227,999.9999999999432,0.0,0.0,83.013,83.4,82.126,83.4,3870.0000000000045,12740.00000000001
171,83.144,83.214,83.088,83.184,300,2021-10-19 11:35:30,0:13:22,1260.0000000000477,399.9999999999204,0.0,0.0,83.063,83.4,82.126,83.4,3370.0000000000327,12740.00000000001
172,83.179,83.209,83.033,83.053,300,2021-10-19 11:48:55,0:15:11,1760.0000000000193,1260.0000000000477,0.0,0.0,83.033,83.4,82.186,83.4,3670.0000000000446,12139.999999999985
173,83.063,83.154,82.882,82.892,300,2021-10-19 12:04:06,0:11:37,2719.9999999999136,1710.0000000000648,0.0,0.0,82.882,83.4,82.186,83.4,5180.000000000007,12139.999999999985
174,82.902,83.013,82.867,83.003,300,2021-10-19 12:15:43,0:07:23,1460.000000000008,1009.9999999999909,0.0,0.0,82.867,83.4,82.186,83.4,5330.000000000013,12139.999999999985
175,82.997,83.003,82.831,82.846,300,2021-10-19 12:23:06,0:09:55,1719.9999999999704,1509.9999999999625,0.0,0.0,82.831,83.4,82.348,83.4,5690.000000000026,10520.000000000067
176,82.841,82.861,82.68,82.741,300,2021-10-19 12:33:02,0:05:51,1809.9999999999739,999.9999999999432,0.0,0.0,82.68,83.4,82.348,83.4,7199.999999999989,10520.000000000067
177,82.746,82.902,82.72,82.796,300,2021-10-19 12:38:54,0:06:04,1820.0000000000216,500.0000000001137,0.0,0.0,82.68,83.365,82.348,83.4,6849.999999999881,10520.000000000067
178,82.801,82.821,82.564,82.6,300,2021-10-19 12:44:59,0:06:51,2570.00000000005,2010.0000000000762,0.0,0.0,82.564,83.365,82.564,83.4,8010.000000000019,8360.000000000127
179,82.605,82.64,82.458,82.61,300,2021-10-19 12:51:51,0:04:40,1820.0000000000216,49.999999999954525,0.0,0.0,82.458,83.365,82.458,83.4,9069.999999999965,9420.000000000073
180,82.63,82.741,82.534,82.549,300,2021-10-19 12:56:31,0:05:14,2069.9999999999363,809.9999999998886,0.0,0.0,82.458,83.34,82.458,83.4,8820.000000000051,9420.000000000073
181,82.544,82.64,82.428,82.625,300,2021-10-19 13:01:45,0:04:00,2120.0000000000327,810.0000000000307,0.0,0.0,82.428,83.315,82.428,83.4,8870.000000000004,9720.000000000084
182,82.62,82.72,82.448,82.448,300,2021-10-19 13:05:46,0:04:41,2720.0000000000555,1720.0000000001125,0.0,0.0,82.428,83.214,82.428,83.4,7860.000000000014,9720.000000000084
183,82.453,82.499,82.327,82.403,300,2021-10-19 13:10:29,0:04:01,1719.9999999999704,499.9999999999716,0.0,0.0,82.327,83.209,82.327,83.4,8820.000000000051,10730.000000000075
184,82.408,82.479,82.146,82.186,300,2021-10-19 13:14:30,0:03:16,3329.999999999984,2219.999999999942,0.0,0.0,82.146,83.154,82.146,83.4,10079.999999999956,12540.00000000005
185,82.191,82.197,81.985,82.146,300,2021-10-19 13:17:46,0:03:10,2120.0000000000327,450.00000000001705,0.0,0.0,81.985,83.013,81.985,83.4,10280.000000000058,14150.000000000062
186,82.151,82.156,81.975,81.98,300,2021-10-19 13:20:56,0:03:50,1810.000000000116,1709.9999999999227,0.0,0.0,81.975,83.003,81.975,83.4,10280.000000000058,14250.000000000113
187,81.985,82.227,81.955,82.066,300,2021-10-19 13:24:46,0:03:37,2720.0000000000555,810.0000000000307,0.0,0.0,81.955,82.902,81.955,83.4,9470.000000000027,14450.000000000075
188,82.05,82.076,81.816,81.836,300,2021-10-19 13:28:24,0:03:29,2599.999999999909,2139.9999999999864,0.0,0.0,81.816,82.902,81.816,83.4,10859.999999999985,15840.000000000033
189,81.826,81.887,81.685,81.831,300,2021-10-19 13:31:53,0:02:51,2019.9999999999818,50.000000000096634,0.0,0.0,81.685,82.821,81.685,83.4,11359.999999999956,17150.000000000033
190,81.826,81.998,81.771,81.998,300,2021-10-19 13:34:45,0:03:59,2270.0000000000387,1720.0000000001125,0.0,0.0,81.685,82.741,81.685,83.4,10559.999999999975,17150.000000000033
191,82.008,82.144,82.008,82.088,300,2021-10-19 13:38:45,0:03:26,1360.000000000099,799.999999999983,0.0,0.0,81.685,82.741,81.685,83.4,10559.999999999975,17150.000000000033
192,82.098,82.159,81.937,81.942,300,2021-10-19 13:42:12,0:03:25,2220.000000000084,1560.0000000000591,0.0,0.0,81.685,82.72,81.685,83.4,10349.999999999965,17150.000000000033
193,81.947,82.34,81.907,82.28,300,2021-10-19 13:45:37,0:03:03,4330.000000000069,3329.999999999984,0.0,0.0,81.685,82.72,81.685,83.4,10349.999999999965,17150.000000000033
194,82.264,82.33,82.189,82.229,300,2021-10-19 13:48:40,0:03:29,1410.0000000000534,349.9999999999659,0.0,0.0,81.685,82.499,81.685,83.4,8139.999999999929,17150.000000000033
195,82.224,82.461,82.199,82.401,300,2021-10-19 13:52:10,0:04:21,2620.0000000000045,1769.999999999925,0.0,0.0,81.685,82.479,81.685,83.4,7939.999999999969,17150.000000000033
196,82.411,82.426,82.31,82.401,300,2021-10-19 13:56:31,0:04:31,1159.9999999999966,100.00000000005116,0.0,0.0,81.685,82.461,81.685,83.4,7759.999999999963,17150.000000000033
197,82.39,82.481,82.34,82.431,300,2021-10-19 14:01:03,0:05:47,1409.9999999999113,409.99999999996817,0.0,0.0,81.685,82.481,81.685,83.4,7959.999999999923,17150.000000000033
198,82.411,82.421,82.088,82.118,300,2021-10-19 14:06:52,0:04:48,3330.0000000001264,2930.0000000000637,0.0,0.0,81.685,82.481,81.685,83.4,7959.999999999923,17150.000000000033
199,82.108,82.224,82.008,82.199,300,2021-10-19 14:11:41,0:05:09,2160.000000000082,909.9999999999397,0.0,0.0,81.685,82.481,81.685,83.365,7959.999999999923,16799.999999999927
200,82.189,82.239,82.078,82.083,300,2021-10-19 14:16:53,0:07:23,1610.0000000000136,1059.9999999999454,0.0,0.0,81.685,82.481,81.685,83.365,7959.999999999923,16799.999999999927
201,82.078,82.249,82.078,82.229,300,2021-10-19 14:24:17,0:06:35,1709.9999999999227,1509.9999999999625,0.0,0.0,81.771,82.481,81.685,83.365,7099.999999999937,16799.999999999927
202,82.219,82.37,82.219,82.315,300,2021-10-19 14:30:55,0:06:24,1510.0000000001046,960.0000000000364,0.0,0.0,81.907,82.481,81.685,83.34,5739.999999999981,16550.00000000001
203,82.31,82.476,82.229,82.37,300,2021-10-19 14:37:19,0:06:11,2469.999999999999,600.0000000000227,0.0,0.0,81.907,82.481,81.685,83.34,5739.999999999981,16550.00000000001
204,82.36,82.501,82.35,82.491,300,2021-10-19 14:43:30,0:06:30,1510.0000000001046,1310.0000000000023,0.0,0.0,81.907,82.501,81.685,83.34,5940.000000000083,16550.00000000001
205,82.486,82.834,82.461,82.824,300,2021-10-19 14:50:01,0:05:15,3730.0000000000464,3379.9999999999386,0.0,0.0,82.008,82.834,81.685,83.209,8260.000000000076,15240.00000000001
206,82.834,82.864,82.647,82.723,300,2021-10-19 14:55:16,0:05:53,2169.9999999999873,1110.000000000042,0.0,0.0,82.008,82.864,81.685,83.209,8560.000000000087,15240.00000000001
207,82.713,82.793,82.662,82.753,300,2021-10-19 15:01:10,0:07:19,1310.0000000000023,400.0000000000625,0.0,0.0,82.008,82.864,81.685,83.209,8560.000000000087,15240.00000000001
208,82.763,82.894,82.693,82.753,300,2021-10-19 15:08:29,0:08:11,2010.0000000000762,100.00000000005116,0.0,0.0,82.008,82.894,81.685,83.003,8860.000000000098,13179.999999999978
209,82.763,83.005,82.763,82.985,300,2021-10-19 15:16:40,0:06:52,2419.9999999999022,2219.999999999942,0.0,0.0,82.008,83.005,81.685,83.005,9969.999999999998,13199.99999999993
210,82.975,83.045,82.874,83.045,300,2021-10-19 15:23:33,0:06:13,1710.0000000000648,700.0000000000739,0.0,0.0,82.008,83.045,81.685,83.045,10370.000000000062,13599.999999999995
211,83.035,83.237,82.995,83.207,300,2021-10-19 15:29:47,0:06:42,2419.9999999999022,1719.9999999999704,0.0,0.0,82.078,83.237,81.685,83.237,11589.999999999918,15519.999999999925
212,83.217,83.297,83.045,83.106,300,2021-10-19 15:36:31,0:07:27,2519.9999999999536,1110.000000000042,0.0,0.0,82.078,83.297,81.685,83.297,12189.999999999942,16119.999999999947
213,83.111,83.307,83.076,83.106,300,2021-10-19 15:43:59,0:06:25,2310.0000000000873,50.000000000096634,0.0,0.0,82.219,83.307,81.685,83.307,10880.00000000008,16219.999999999998
214,83.101,83.217,83.065,83.166,300,2021-10-19 15:50:27,0:11:29,1520.0000000000102,649.9999999999773,0.0,0.0,82.229,83.307,81.685,83.307,10780.00000000003,16219.999999999998
215,83.171,83.368,83.126,83.338,300,2021-10-19 16:01:57,0:11:39,2419.9999999999022,1669.9999999998738,0.0,0.0,82.35,83.368,81.685,83.368,10180.000000000007,16829.999999999927
216,83.327,83.579,83.292,83.479,300,2021-10-19 16:13:36,0:07:19,2869.999999999919,1520.0000000000102,0.0,0.0,82.461,83.579,81.685,83.579,11179.999999999949,18939.999999999913
217,83.474,83.544,83.448,83.519,300,2021-10-19 16:20:55,0:10:50,960.0000000000364,450.00000000001705,0.0,0.0,82.647,83.579,81.685,83.579,9319.99999999988,18939.999999999913
218,83.509,83.559,83.428,83.539,300,2021-10-19 16:31:52,0:15:04,1310.0000000000023,300.00000000001137,0.0,0.0,82.662,83.579,81.685,83.579,9169.999999999874,18939.999999999913
219,83.534,83.549,83.398,83.519,300,2021-10-19 16:46:56,0:12:53,1510.0000000001046,150.00000000000568,0.0,0.0,82.693,83.579,81.685,83.579,8859.999999999956,18939.999999999913
220,83.524,83.599,83.448,83.539,300,2021-10-19 16:59:50,0:11:40,1510.0000000001046,150.00000000000568,0.0,0.0,82.763,83.599,81.685,83.599,8359.999999999985,19140.000000000015
221,83.529,83.599,83.489,83.534,300,2021-10-19 17:11:36,0:13:05,1099.9999999999943,50.000000000096634,0.0,0.0,82.874,83.599,81.685,83.599,7250.0000000000855,19140.000000000015
222,83.529,83.534,83.267,83.267,300,2021-10-19 17:24:42,0:14:36,2670.000000000101,2620.0000000000045,0.0,0.0,82.995,83.599,81.685,83.599,6039.999999999992,19140.000000000015
223,83.272,83.358,83.217,83.348,300,2021-10-19 17:39:25,0:16:12,1410.0000000000534,759.9999999999341,0.0,0.0,83.045,83.599,81.771,83.599,5540.00000000002,18280.00000000003
224,83.338,83.358,83.186,83.247,300,2021-10-19 17:55:41,0:12:42,1719.9999999999704,909.9999999999397,0.0,0.0,83.065,83.599,81.771,83.599,5340.00000000006,18280.00000000003
225,83.232,83.358,83.166,83.247,300,2021-10-19 18:08:24,0:09:55,1920.0000000000728,150.00000000000568,0.0,0.0,83.065,83.599,81.771,83.599,5340.00000000006,18280.00000000003
226,83.237,83.292,83.086,83.086,300,2021-10-19 18:18:23,0:06:54,2060.000000000031,1509.9999999999625,0.0,0.0,83.086,83.599,81.907,83.599,5130.000000000053,16920.000000000073
227,83.096,83.116,82.95,83.086,300,2021-10-19 18:25:21,0:05:10,1659.9999999999682,100.00000000005116,0.0,0.0,82.95,83.599,81.907,83.599,6490.000000000009,16920.000000000073
228,83.076,83.086,82.819,82.894,300,2021-10-19 18:30:32,0:11:47,2669.999999999959,1819.9999999998795,0.0,0.0,82.819,83.599,81.907,83.599,7800.000000000011,16920.000000000073
229,82.889,82.94,82.834,82.914,300,2021-10-19 18:42:20,0:20:51,1059.9999999999454,250.00000000005684,0.0,0.0,82.819,83.599,82.008,83.599,7800.000000000011,15910.000000000082
230,82.904,82.924,82.804,82.854,300,2021-10-19 19:03:13,0:39:20,1200.0000000000455,499.9999999999716,0.0,0.0,82.804,83.599,82.008,83.599,7950.000000000017,15910.000000000082
231,82.864,82.914,82.776,82.811,300,2021-10-19 19:43:31,0:46:48,1380.0000000000523,529.9999999999727,0.0,0.0,82.776,83.599,82.008,83.599,8230.000000000075,15910.000000000082
232,82.776,83.073,82.776,82.988,300,2021-10-19 20:30:19,0:24:43,2969.9999999999704,2120.0000000000327,0.0,0.0,82.776,83.599,82.008,83.599,8230.000000000075,15910.000000000082
233,82.998,83.074,82.913,82.983,300,2021-10-19 20:55:02,2:03:37,1610.0000000000136,150.00000000000568,0.0,0.0,82.776,83.534,82.008,83.599,7580.000000000098,15910.000000000082
234,82.988,83.195,82.983,83.069,300,2021-10-19 22:58:48,1:07:22,2119.999999999891,810.0000000000307,0.0,0.0,82.776,83.358,82.008,83.599,5820.000000000078,15910.000000000082
235,83.064,83.094,83.003,83.008,300,2021-10-20 00:06:10,0:20:33,909.9999999999397,559.9999999999739,0.0,0.0,82.776,83.358,82.219,83.599,5820.000000000078,13800.000000000096
236,83.003,83.094,82.973,83.059,300,2021-10-20 00:26:49,0:33:06,1209.9999999999511,559.9999999999739,0.0,0.0,82.776,83.358,82.219,83.599,5820.000000000078,13800.000000000096
237,83.064,83.124,82.943,83.079,300,2021-10-20 01:00:00,0:05:04,1809.9999999999739,150.00000000000568,0.0,0.0,82.776,83.292,82.219,83.599,5160.000000000054,13800.000000000096
238,83.074,83.104,82.842,82.902,300,2021-10-20 01:05:05,0:07:21,2620.0000000000045,1719.9999999999704,0.0,0.0,82.776,83.195,82.461,83.599,4189.999999999969,11380.000000000053
239,82.892,82.973,82.812,82.948,300,2021-10-20 01:12:28,0:11:05,1610.0000000000136,559.9999999999739,0.0,0.0,82.776,83.195,82.461,83.599,4189.999999999969,11380.000000000053
240,82.953,82.973,82.782,82.787,300,2021-10-20 01:23:34,0:09:55,1910.000000000025,1659.9999999999682,0.0,0.0,82.776,83.195,82.461,83.599,4189.999999999969,11380.000000000053
241,82.782,82.792,82.641,82.681,300,2021-10-20 01:33:29,0:10:09,1509.9999999999625,1009.9999999999909,0.0,0.0,82.641,83.195,82.641,83.599,5539.999999999878,9579.999999999984
242,82.676,82.716,82.6,82.62,300,2021-10-20 01:43:41,0:11:50,1159.9999999999966,559.9999999999739,0.0,0.0,82.6,83.195,82.6,83.599,5949.999999999989,9990.000000000095
243,82.61,82.731,82.6,82.676,300,2021-10-20 01:55:31,0:15:43,1310.0000000000023,660.000000000025,0.0,0.0,82.6,83.195,82.6,83.599,5949.999999999989,9990.000000000095
244,82.681,82.731,82.545,82.555,300,2021-10-20 02:11:14,0:21:11,1859.9999999999284,1259.9999999999056,0.0,0.0,82.545,83.195,82.545,83.599,6499.9999999999145,10540.00000000002
245,82.56,82.671,82.53,82.53,300,2021-10-20 02:32:26,0:12:06,1410.0000000000534,300.00000000001137,0.0,0.0,82.53,83.195,82.53,83.599,6649.99999999992,10690.000000000025
246,82.52,82.54,82.389,82.424,300,2021-10-20 02:44:34,0:12:15,1510.0000000001046,959.9999999998943,0.0,0.0,82.389,83.124,82.389,83.599,7349.9999999999945,12100.00000000008
247,82.429,82.489,82.369,82.414,300,2021-10-20 02:56:50,0:09:23,1200.0000000000455,150.00000000000568,0.0,0.0,82.369,83.124,82.369,83.599,7549.9999999999545,12300.00000000004
248,82.419,82.55,82.389,82.545,300,2021-10-20 03:06:14,0:15:14,1610.0000000000136,1260.0000000000477,0.0,0.0,82.369,83.124,82.369,83.599,7549.9999999999545,12300.00000000004
249,82.54,82.615,82.479,82.605,300,2021-10-20 03:21:29,0:26:44,1359.9999999999568,649.9999999999773,0.0,0.0,82.369,83.104,82.369,83.599,7349.9999999999945,12300.00000000004
250,82.59,82.62,82.449,82.6,300,2021-10-20 03:48:15,0:00:23,1710.0000000000648,99.99999999990905,0.0,0.0,82.369,82.973,82.369,83.599,6039.999999999992,12300.00000000004
251,82.595,82.61,82.479,82.489,300,2021-10-20 04:48:47,0:41:54,1310.0000000000023,1059.9999999999454,0.0,0.0,82.369,82.973,82.369,83.599,6039.999999999992,12300.00000000004
252,82.484,82.731,82.459,82.731,300,2021-10-20 05:30:43,0:15:01,2719.9999999999136,2469.999999999999,0.0,0.0,82.369,82.792,82.369,83.599,4230.000000000018,12300.00000000004
253,82.741,82.772,82.646,82.651,300,2021-10-20 05:45:52,0:16:51,1260.0000000000477,900.0000000000341,0.0,0.0,82.369,82.772,82.369,83.599,4030.000000000058,12300.00000000004
254,82.646,82.681,82.479,82.489,300,2021-10-20 06:02:51,0:13:46,2019.9999999999818,1569.9999999999648,0.0,0.0,82.369,82.772,82.369,83.599,4030.000000000058,12300.00000000004
255,82.5,82.51,82.298,82.359,300,2021-10-20 06:16:45,0:14:53,2120.0000000000327,1410.0000000000534,0.0,0.0,82.298,82.772,82.298,83.599,4740.000000000037,13010.00000000002
256,82.364,82.489,82.364,82.439,300,2021-10-20 06:31:49,0:12:24,1250.0,749.9999999998863,0.0,0.0,82.298,82.772,82.298,83.358,4740.000000000037,10600.000000000022
257,82.444,82.469,82.369,82.374,300,2021-10-20 06:44:24,0:14:14,999.9999999999432,700.0000000000739,0.0,0.0,82.298,82.772,82.298,83.358,4740.000000000037,10600.000000000022
258,82.379,82.379,82.228,82.343,300,2021-10-20 06:58:39,0:06:41,1510.0000000001046,360.00000000001364,0.0,0.0,82.228,82.772,82.228,83.358,5440.000000000111,11300.000000000096
259,82.348,82.419,82.308,82.379,300,2021-10-20 07:05:21,0:09:40,1109.9999999999,310.0000000000591,0.0,0.0,82.228,82.772,82.228,83.292,5440.000000000111,10640.000000000071
260,82.374,82.469,82.338,82.434,300,2021-10-20 07:15:02,0:11:32,1310.0000000000023,600.0000000000227,0.0,0.0,82.228,82.772,82.228,83.292,5440.000000000111,10640.000000000071
261,82.429,82.52,82.419,82.424,300,2021-10-20 07:26:34,0:12:19,1009.9999999999909,49.999999999954525,0.0,0.0,82.228,82.772,82.228,83.292,5440.000000000111,10640.000000000071
262,82.419,82.439,82.197,82.223,300,2021-10-20 07:38:55,0:13:20,2419.9999999999022,1959.9999999999795,0.0,0.0,82.197,82.772,82.197,83.195,5750.000000000028,9979.999999999905
263,82.228,82.268,82.107,82.117,300,2021-10-20 07:52:17,0:10:54,1610.0000000000136,1109.9999999999,0.0,0.0,82.107,82.772,82.107,83.195,6650.000000000063,10879.999999999938
264,82.112,82.248,82.066,82.233,300,2021-10-20 08:03:12,0:09:07,1820.0000000000216,1210.0000000000932,0.0,0.0,82.066,82.772,82.066,83.195,7060.000000000031,11289.999999999907
265,82.228,82.268,82.147,82.263,300,2021-10-20 08:12:20,0:10:41,1209.9999999999511,350.000000000108,0.0,0.0,82.066,82.681,82.066,83.195,6149.999999999949,11289.999999999907
266,82.258,82.359,82.238,82.328,300,2021-10-20 08:23:01,0:06:51,1209.9999999999511,700.0000000000739,0.0,0.0,82.066,82.52,82.066,83.195,4539.999999999935,11289.999999999907
267,82.318,82.338,82.218,82.283,300,2021-10-20 08:29:54,0:11:43,1199.9999999999034,349.9999999999659,0.0,0.0,82.066,82.52,82.066,83.195,4539.999999999935,11289.999999999907
268,82.288,82.288,82.157,82.177,300,2021-10-20 08:41:38,0:16:36,1310.0000000000023,1109.9999999999,0.0,0.0,82.066,82.52,82.066,83.124,4539.999999999935,10579.999999999927
269,82.182,82.5,82.167,82.424,300,2021-10-20 08:58:14,0:09:46,3329.999999999984,2420.0000000000446,0.0,0.0,82.066,82.52,82.066,83.124,4539.999999999935,10579.999999999927
270,82.419,82.449,82.328,82.359,300,2021-10-20 09:08:00,0:13:12,1209.9999999999511,600.0000000000227,0.0,0.0,82.066,82.52,82.066,83.124,4539.999999999935,10579.999999999927
271,82.369,82.369,82.117,82.147,300,2021-10-20 09:21:22,0:12:33,2519.9999999999536,2219.999999999942,0.0,0.0,82.066,82.52,82.066,83.104,4539.999999999935,10379.999999999967
272,82.122,82.177,82.026,82.122,300,2021-10-20 09:33:56,0:11:34,1510.0000000001046,0.0,0.0,0.0,82.026,82.52,82.026,83.104,4939.999999999998,10780.00000000003
273,82.117,82.248,82.077,82.228,300,2021-10-20 09:45:31,0:14:00,1710.0000000000648,1109.9999999999,0.0,0.0,82.026,82.5,82.026,83.104,4740.000000000037,10780.00000000003
274,82.238,82.268,82.046,82.082,300,2021-10-20 09:59:35,0:12:24,2219.999999999942,1560.0000000000591,0.0,0.0,82.026,82.5,82.026,82.792,4740.000000000037,7660.000000000054
275,82.077,82.157,81.996,82.142,300,2021-10-20 10:12:01,0:13:05,1610.0000000000136,649.9999999999773,0.0,0.0,81.996,82.5,81.996,82.792,5040.000000000049,7960.000000000065
276,82.147,82.157,82.016,82.046,300,2021-10-20 10:25:07,0:14:56,1409.9999999999113,1009.9999999999909,0.0,0.0,81.996,82.5,81.996,82.792,5040.000000000049,7960.000000000065
277,82.056,82.107,81.966,82.001,300,2021-10-20 10:40:04,0:14:47,1410.0000000000534,549.9999999999261,0.0,0.0,81.966,82.5,81.966,82.772,5340.00000000006,8060.000000000116
278,81.996,82.077,81.956,81.966,300,2021-10-20 10:54:51,0:17:11,1209.9999999999511,300.00000000001137,0.0,0.0,81.956,82.5,81.956,82.772,5439.999999999969,8160.0000000000255
279,81.961,82.046,81.946,82.001,300,2021-10-20 11:12:03,0:14:58,1000.0000000000853,400.0000000000625,0.0,0.0,81.946,82.5,81.946,82.772,5540.00000000002,8260.000000000076
280,81.996,82.157,81.966,82.147,300,2021-10-20 11:27:02,0:18:01,1910.000000000025,1510.0000000001046,0.0,0.0,81.946,82.5,81.946,82.772,5540.00000000002,8260.000000000076
281,82.152,82.207,82.112,82.172,300,2021-10-20 11:45:21,0:15:28,949.9999999999886,199.9999999999602,0.0,0.0,81.946,82.449,81.946,82.772,5030.000000000001,8260.000000000076
282,82.177,82.258,82.117,82.137,300,2021-10-20 12:00:49,0:11:19,1409.9999999999113,400.0000000000625,0.0,0.0,81.946,82.369,81.946,82.772,4230.000000000018,8260.000000000076
283,82.147,82.177,82.016,82.132,300,2021-10-20 12:12:12,0:13:08,1610.0000000000136,150.00000000000568,0.0,0.0,81.946,82.268,81.946,82.772,3220.0000000000273,8260.000000000076
284,82.137,82.177,82.016,82.051,300,2021-10-20 12:25:24,0:18:36,1610.0000000000136,859.9999999999852,0.0,0.0,81.946,82.268,81.946,82.772,3220.0000000000273,8260.000000000076
285,82.056,82.097,81.855,81.925,300,2021-10-20 12:44:01,0:11:03,2419.9999999999022,1310.0000000000023,0.0,0.0,81.855,82.268,81.855,82.772,4129.999999999967,9170.000000000016
286,81.92,82.077,81.784,81.784,300,2021-10-20 12:55:05,0:06:29,2929.999999999922,1359.9999999999568,0.0,0.0,81.784,82.258,81.784,82.772,4739.999999999895,9879.999999999996
287,81.764,81.784,81.361,81.482,300,2021-10-20 13:01:35,0:02:30,4230.000000000018,2819.9999999999645,0.0,0.0,81.361,82.258,81.361,82.772,8969.999999999913,14110.000000000015
288,81.502,81.996,81.432,81.991,300,2021-10-20 13:04:05,0:02:32,5639.999999999929,4890.000000000044,0.0,0.0,81.361,82.258,81.361,82.772,8969.999999999913,14110.000000000015
289,81.996,81.996,81.845,81.885,300,2021-10-20 13:06:37,0:03:41,1509.9999999999625,1109.9999999999,0.0,0.0,81.361,82.258,81.361,82.52,8969.999999999913,11589.999999999918
290,81.875,81.935,81.81,81.915,300,2021-10-20 13:10:18,0:05:05,1250.0,400.0000000000625,0.0,0.0,81.361,82.258,81.361,82.52,8969.999999999913,11589.999999999918
291,81.925,82.207,81.865,82.177,300,2021-10-20 13:15:23,0:05:28,3419.9999999999873,2520.0000000000955,0.0,0.0,81.361,82.258,81.361,82.52,8969.999999999913,11589.999999999918
292,82.187,82.449,82.162,82.233,300,2021-10-20 13:20:51,0:04:08,2869.999999999919,460.0000000000648,0.0,0.0,81.361,82.449,81.361,82.52,10879.999999999938,11589.999999999918
293,82.238,82.298,82.094,82.15,300,2021-10-20 13:24:59,0:05:25,2040.0000000000773,879.9999999999386,0.0,0.0,81.361,82.449,81.361,82.52,10879.999999999938,11589.999999999918
294,82.139,82.19,82.008,82.019,300,2021-10-20 13:30:26,0:04:12,1820.0000000000216,1199.9999999999034,0.0,0.0,81.361,82.449,81.361,82.52,10879.999999999938,11589.999999999918
295,81.998,82.129,81.968,82.044,300,2021-10-20 13:34:39,0:03:30,1610.0000000000136,459.9999999999227,0.0,0.0,81.361,82.449,81.361,82.5,10879.999999999938,11389.999999999958
296,82.039,82.079,81.888,82.024,300,2021-10-20 13:38:09,0:04:25,1909.999999999883,150.00000000000568,0.0,0.0,81.361,82.449,81.361,82.5,10879.999999999938,11389.999999999958
297,82.029,82.059,81.948,82.039,300,2021-10-20 13:42:34,0:05:00,1110.000000000042,100.00000000005116,0.0,0.0,81.361,82.449,81.361,82.5,10879.999999999938,11389.999999999958
298,82.034,82.25,82.019,82.17,300,2021-10-20 13:47:35,0:05:14,2309.9999999999454,1359.9999999999568,0.0,0.0,81.361,82.449,81.361,82.5,10879.999999999938,11389.999999999958
299,82.175,82.215,82.079,82.17,300,2021-10-20 13:52:49,0:04:43,1360.000000000099,49.999999999954525,0.0,0.0,81.432,82.449,81.361,82.5,10169.99999999996,11389.999999999958
300,82.16,82.19,82.039,82.079,300,2021-10-20 13:57:32,0:05:16,1509.9999999999625,810.0000000000307,0.0,0.0,81.81,82.449,81.361,82.5,6389.999999999958,11389.999999999958
301,82.084,82.139,81.988,82.114,300,2021-10-20 14:02:50,0:05:28,1509.9999999999625,300.00000000001137,0.0,0.0,81.81,82.449,81.361,82.5,6389.999999999958,11389.999999999958
302,82.119,82.341,82.089,82.331,300,2021-10-20 14:08:19,0:06:54,2519.9999999999536,2120.0000000000327,0.0,0.0,81.865,82.449,81.361,82.5,5840.000000000032,11389.999999999958
303,82.336,82.512,82.311,82.482,300,2021-10-20 14:15:13,0:06:03,2009.999999999934,1460.000000000008,0.0,0.0,81.888,82.512,81.361,82.512,6239.999999999953,11509.999999999962
304,82.472,82.583,82.391,82.421,300,2021-10-20 14:21:16,0:06:58,1919.9999999999307,509.9999999998772,0.0,0.0,81.888,82.583,81.361,82.583,6949.999999999932,12219.999999999942
305,82.416,83.202,82.406,83.031,300,2021-10-20 14:28:15,0:02:54,7959.999999999923,6150.000000000091,0.0,0.0,81.888,83.202,81.361,83.202,13139.999999999929,18409.999999999938
306,83.036,83.117,82.865,82.955,300,2021-10-20 14:31:09,0:02:25,2520.0000000000955,810.0000000000307,0.0,0.0,81.888,83.202,81.361,83.202,13139.999999999929,18409.999999999938
307,82.965,83.278,82.945,83.278,300,2021-10-20 14:33:36,0:03:01,3330.0000000001264,3130.0000000000236,0.0,0.0,81.888,83.278,81.361,83.278,13900.000000000005,19170.000000000015
308,83.268,83.338,83.177,83.207,300,2021-10-20 14:36:38,0:03:13,1609.9999999998715,610.0000000000705,0.0,0.0,81.948,83.338,81.361,83.338,13900.000000000005,19769.999999999898
309,83.202,83.419,83.187,83.328,300,2021-10-20 14:39:53,0:04:57,2319.999999999993,1260.0000000000477,0.0,0.0,81.988,83.419,81.361,83.419,14309.999999999975,20579.999999999927
310,83.338,83.529,83.328,83.419,300,2021-10-20 14:44:52,0:04:47,2009.999999999934,810.0000000000307,0.0,0.0,81.988,83.529,81.361,83.529,15409.999999999967,21679.99999999992
311,83.409,83.439,83.106,83.122,300,2021-10-20 14:49:43,0:05:06,3329.999999999984,2870.0000000000614,0.0,0.0,81.988,83.529,81.361,83.529,15409.999999999967,21679.99999999992
312,83.117,83.157,83.016,83.066,300,2021-10-20 14:54:49,0:05:12,1409.9999999999113,510.0000000000193,0.0,0.0,81.988,83.529,81.361,83.529,15409.999999999967,21679.99999999992
313,83.046,83.217,83.016,83.127,300,2021-10-20 15:00:01,0:04:52,2009.999999999934,809.9999999998886,0.0,0.0,82.089,83.529,81.361,83.529,14399.999999999978,21679.99999999992
314,83.117,83.348,83.117,83.338,300,2021-10-20 15:04:53,0:06:04,2309.9999999999454,2209.9999999998945,0.0,0.0,82.311,83.529,81.361,83.529,12179.999999999893,21679.99999999992
315,83.343,83.399,83.278,83.399,300,2021-10-20 15:10:58,0:06:52,1209.9999999999511,559.9999999999739,0.0,0.0,82.391,83.529,81.361,83.529,11379.99999999991,21679.99999999992
316,83.419,83.449,83.268,83.378,300,2021-10-20 15:17:50,0:08:29,1809.9999999999739,409.99999999996817,0.0,0.0,82.406,83.529,81.361,83.529,11229.999999999905,21679.99999999992
317,83.383,83.449,83.328,83.338,300,2021-10-20 15:26:19,0:07:19,1209.9999999999511,450.00000000001705,0.0,0.0,82.865,83.529,81.361,83.529,6640.000000000015,21679.99999999992
318,83.328,83.328,83.147,83.207,300,2021-10-20 15:33:38,0:07:36,1809.9999999999739,1210.0000000000932,0.0,0.0,82.945,83.529,81.361,83.529,5840.000000000032,21679.99999999992
319,83.197,83.313,83.167,83.227,300,2021-10-20 15:41:20,0:09:45,1460.000000000008,300.00000000001137,0.0,0.0,83.016,83.529,81.361,83.529,5129.99999999991,21679.99999999992
320,83.222,83.328,83.177,83.323,300,2021-10-20 15:51:07,0:09:54,1509.9999999999625,1009.9999999999909,0.0,0.0,83.016,83.529,81.361,83.529,5129.99999999991,21679.99999999992
321,83.318,83.555,83.308,83.524,300,2021-10-20 16:01:01,0:11:00,2469.999999999999,2060.000000000031,0.0,0.0,83.016,83.555,81.361,83.555,5390.000000000015,21940.000000000025
322,83.529,83.716,83.514,83.524,300,2021-10-20 16:12:01,0:07:08,2019.9999999999818,49.999999999954525,0.0,0.0,83.016,83.716,81.81,83.716,6999.999999999886,19059.999999999916
323,83.519,83.64,83.469,83.63,300,2021-10-20 16:19:09,0:11:47,1710.0000000000648,1109.9999999999,0.0,0.0,83.016,83.716,81.81,83.716,6999.999999999886,19059.999999999916
324,83.65,83.741,83.57,83.57,300,2021-10-20 16:30:56,0:12:58,1710.0000000000648,800.000000000125,0.0,0.0,83.016,83.741,81.81,83.741,7249.999999999944,19309.999999999975
325,83.575,83.59,83.449,83.55,300,2021-10-20 16:44:04,0:17:26,1410.0000000000534,250.00000000005684,0.0,0.0,83.117,83.741,81.888,83.741,6239.999999999953,18529.999999999945
326,83.54,83.63,83.529,83.6,300,2021-10-20 17:01:31,0:14:41,1009.9999999999909,599.9999999998806,0.0,0.0,83.147,83.741,81.888,83.741,5939.999999999941,18529.999999999945
327,83.61,83.701,83.519,83.55,300,2021-10-20 17:16:15,0:13:10,1819.9999999998795,600.0000000000227,0.0,0.0,83.147,83.741,81.888,83.741,5939.999999999941,18529.999999999945
328,83.555,83.62,83.409,83.429,300,2021-10-20 17:29:28,0:19:16,2109.9999999999854,1260.0000000000477,0.0,0.0,83.147,83.741,81.888,83.741,5939.999999999941,18529.999999999945
329,83.424,83.61,83.409,83.575,300,2021-10-20 17:48:45,0:12:03,2009.999999999934,1509.9999999999625,0.0,0.0,83.147,83.741,81.888,83.741,5939.999999999941,18529.999999999945
330,83.57,83.882,83.57,83.842,300,2021-10-20 18:00:49,0:06:27,3120.0000000001182,2720.0000000000555,0.0,0.0,83.167,83.882,81.888,83.882,7150.000000000035,19939.999999999996
331,83.832,83.963,83.781,83.842,300,2021-10-20 18:07:18,0:07:08,1819.9999999998795,100.00000000005116,0.0,0.0,83.177,83.963,81.988,83.963,7859.999999999872,19749.99999999994
332,83.847,83.872,83.731,83.812,300,2021-10-20 18:14:30,0:07:06,1410.0000000000534,349.9999999999659,0.0,0.0,83.308,83.963,81.988,83.963,6549.999999999869,19749.99999999994
333,83.806,83.953,83.721,83.942,300,2021-10-20 18:21:36,0:06:14,2319.999999999993,1359.9999999999568,0.0,0.0,83.409,83.963,81.988,83.963,5539.999999999878,19749.99999999994
334,83.937,84.073,83.882,83.897,300,2021-10-20 18:27:57,0:11:39,1909.999999999883,399.9999999999204,0.0,0.0,83.409,84.073,81.988,84.073,6639.999999999873,20849.999999999938
335,83.902,84.028,83.801,83.912,300,2021-10-20 18:39:37,0:24:07,2270.0000000000387,100.00000000005116,0.0,0.0,83.409,84.073,81.988,84.073,6639.999999999873,20849.999999999938
336,83.902,83.932,83.801,83.867,300,2021-10-20 19:04:37,0:39:44,1310.0000000000023,349.9999999999659,0.0,0.0,83.409,84.073,81.988,84.073,6639.999999999873,20849.999999999938
337,83.862,83.955,83.771,83.95,300,2021-10-20 19:44:21,0:25:56,1839.999999999975,880.0000000000807,0.0,0.0,83.409,84.073,82.391,84.073,6639.999999999873,16819.99999999988
338,83.955,84.147,83.94,84.127,300,2021-10-20 20:10:22,0:34:04,2070.000000000078,1719.9999999999704,0.0,0.0,83.409,84.147,82.391,84.147,7379.999999999995,17560.000000000004
339,84.116,84.248,84.086,84.207,300,2021-10-20 20:44:37,1:31:47,1620.0000000000614,909.9999999999397,0.0,0.0,83.409,84.248,82.391,84.248,8389.999999999985,18569.999999999993
340,84.212,84.343,84.172,84.303,300,2021-10-20 22:16:25,1:15:11,1710.0000000000648,909.9999999999397,0.0,0.0,83.409,84.343,82.945,84.343,9339.999999999975,13980.000000000104
341,84.298,84.414,84.147,84.389,300,2021-10-20 23:32:05,0:37:19,2669.999999999959,909.9999999999397,0.0,0.0,83.57,84.414,82.945,84.414,8440.000000000084,14690.000000000084
342,84.394,84.424,84.303,84.389,300,2021-10-21 00:09:24,0:34:03,1210.0000000000932,50.000000000096634,0.0,0.0,83.721,84.424,82.945,84.424,7030.000000000029,14790.000000000135
343,84.384,84.474,84.353,84.384,300,2021-10-21 00:43:28,0:20:34,1210.0000000000932,0.0,0.0,0.0,83.721,84.474,83.016,84.474,7530.000000000001,14579.999999999984
344,84.373,84.434,84.303,84.333,300,2021-10-21 01:04:02,0:09:35,1310.0000000000023,400.0000000000625,0.0,0.0,83.721,84.474,83.016,84.474,7530.000000000001,14579.999999999984
345,84.343,84.434,84.313,84.368,300,2021-10-21 01:13:39,0:15:14,1209.9999999999511,249.99999999991473,0.0,0.0,83.771,84.474,83.016,84.474,7030.000000000029,14579.999999999984
346,84.373,84.525,84.353,84.414,300,2021-10-21 01:28:54,0:18:41,1720.0000000001125,409.99999999996817,0.0,0.0,83.771,84.525,83.016,84.525,7540.000000000049,15090.000000000004
347,84.419,84.474,84.394,84.399,300,2021-10-21 01:47:35,0:17:28,799.999999999983,199.9999999999602,0.0,0.0,83.771,84.525,83.016,84.525,7540.000000000049,15090.000000000004
348,84.404,84.404,84.197,84.232,300,2021-10-21 02:05:04,0:19:37,2069.9999999999363,1719.9999999999704,0.0,0.0,83.771,84.525,83.016,84.525,7540.000000000049,15090.000000000004
349,84.243,84.273,84.086,84.102,300,2021-10-21 02:24:43,0:18:37,1869.9999999999761,1409.9999999999113,0.0,0.0,83.94,84.525,83.147,84.525,5850.00000000008,13780.000000000002
350,84.097,84.152,84.031,84.132,300,2021-10-21 02:43:21,0:16:16,1209.9999999999511,350.000000000108,0.0,0.0,84.031,84.525,83.147,84.525,4939.999999999998,13780.000000000002
351,84.142,84.202,83.971,83.986,300,2021-10-21 02:59:43,0:19:47,2309.9999999999454,1559.999999999917,0.0,0.0,83.971,84.525,83.147,84.525,5540.00000000002,13780.000000000002
352,83.991,84.162,83.961,84.112,300,2021-10-21 03:19:33,0:29:32,2010.0000000000762,1209.9999999999511,0.0,0.0,83.961,84.525,83.167,84.525,5640.000000000072,13580.00000000004
353,84.102,84.102,83.89,84.021,300,2021-10-21 03:49:08,0:54:38,2120.0000000000327,810.0000000000307,0.0,0.0,83.89,84.525,83.167,84.525,6350.000000000051,13580.00000000004
354,84.031,84.122,83.93,83.94,300,2021-10-21 04:43:46,0:39:27,1919.9999999999307,910.0000000000819,0.0,0.0,83.89,84.525,83.167,84.525,6350.000000000051,13580.00000000004
355,83.945,83.991,83.86,83.92,300,2021-10-21 05:23:13,0:18:32,1310.0000000000023,249.99999999991473,0.0,0.0,83.86,84.525,83.409,84.525,6650.000000000063,11159.999999999996
356,83.91,83.981,83.779,83.804,300,2021-10-21 05:41:49,0:13:10,2019.9999999999818,1059.9999999999454,0.0,0.0,83.779,84.525,83.409,84.525,7460.000000000093,11159.999999999996
357,83.799,83.88,83.764,83.804,300,2021-10-21 05:55:00,0:10:12,1159.9999999999966,49.999999999954525,0.0,0.0,83.764,84.525,83.409,84.525,7610.000000000099,11159.999999999996
358,83.799,83.85,83.719,83.82,300,2021-10-21 06:05:12,0:13:45,1310.0000000000023,209.99999999986585,0.0,0.0,83.719,84.474,83.409,84.525,7550.000000000096,11159.999999999996
359,83.815,83.84,83.658,83.679,300,2021-10-21 06:18:58,0:14:38,1820.0000000000216,1359.9999999999568,0.0,0.0,83.658,84.404,83.409,84.525,7459.999999999951,11159.999999999996
360,83.674,83.729,83.598,83.638,300,2021-10-21 06:33:37,0:12:22,1310.0000000000023,360.00000000001364,0.0,0.0,83.598,84.273,83.409,84.525,6749.999999999972,11159.999999999996
361,83.643,83.694,83.507,83.507,300,2021-10-21 06:45:59,0:11:54,1869.9999999999761,1359.9999999999568,0.0,0.0,83.507,84.202,83.409,84.525,6949.999999999932,11159.999999999996
362,83.512,83.684,83.507,83.674,300,2021-10-21 06:57:54,0:12:57,1769.999999999925,1620.0000000000614,0.0,0.0,83.507,84.202,83.409,84.525,6949.999999999932,11159.999999999996
363,83.679,83.689,83.548,83.593,300,2021-10-21 07:10:51,0:13:52,1409.9999999999113,859.9999999999852,0.0,0.0,83.507,84.162,83.409,84.525,6550.000000000011,11159.999999999996
364,83.598,83.784,83.578,83.704,300,2021-10-21 07:24:46,0:12:22,2060.000000000031,1059.9999999999454,0.0,0.0,83.507,84.122,83.507,84.525,6149.999999999949,10180.000000000007
365,83.699,83.719,83.538,83.613,300,2021-10-21 07:37:08,0:10:55,1809.9999999999739,859.9999999999852,0.0,0.0,83.507,84.122,83.507,84.525,6149.999999999949,10180.000000000007
366,83.618,83.689,83.457,83.538,300,2021-10-21 07:48:03,0:13:28,2319.999999999993,799.999999999983,0.0,0.0,83.457,83.991,83.457,84.525,5340.00000000006,10680.00000000012
367,83.548,83.553,83.246,83.376,300,2021-10-21 08:01:31,0:09:42,3070.000000000022,1719.9999999999704,0.0,0.0,83.246,83.981,83.246,84.525,7349.9999999999945,12790.000000000106
368,83.371,83.502,83.356,83.472,300,2021-10-21 08:11:14,0:12:16,1460.000000000008,1009.9999999999909,0.0,0.0,83.246,83.88,83.246,84.525,6340.000000000004,12790.000000000106
369,83.467,83.487,83.336,83.447,300,2021-10-21 08:23:31,0:07:19,1509.9999999999625,199.9999999999602,0.0,0.0,83.246,83.85,83.246,84.525,6039.999999999992,12790.000000000106
370,83.457,83.467,83.346,83.447,300,2021-10-21 08:30:52,0:13:08,1209.9999999999511,99.99999999990905,0.0,0.0,83.246,83.84,83.246,84.525,5940.000000000083,12790.000000000106
371,83.452,83.689,83.346,83.618,300,2021-10-21 08:44:00,0:09:42,3429.999999999893,1659.9999999999682,0.0,0.0,83.246,83.784,83.246,84.525,5380.000000000109,12790.000000000106
372,83.628,83.739,83.507,83.507,300,2021-10-21 08:53:45,0:09:01,2319.999999999993,1209.9999999999511,0.0,0.0,83.246,83.784,83.246,84.525,5380.000000000109,12790.000000000106
373,83.517,83.517,83.266,83.296,300,2021-10-21 09:02:46,0:11:40,2509.9999999999054,2209.9999999998945,0.0,0.0,83.246,83.784,83.246,84.525,5380.000000000109,12790.000000000106
374,83.306,83.387,83.296,83.301,300,2021-10-21 09:14:29,0:15:14,909.9999999999397,49.999999999954525,0.0,0.0,83.246,83.784,83.246,84.525,5380.000000000109,12790.000000000106
375,83.306,83.457,83.205,83.266,300,2021-10-21 09:29:43,0:10:13,2519.9999999999536,399.9999999999204,0.0,0.0,83.205,83.784,83.205,84.525,5790.000000000077,13200.000000000075
376,83.261,83.296,83.175,83.286,300,2021-10-21 09:39:57,0:14:00,1210.0000000000932,250.00000000005684,0.0,0.0,83.175,83.739,83.175,84.525,5640.000000000072,13500.000000000085
377,83.291,83.432,83.286,83.427,300,2021-10-21 09:53:58,0:12:58,1460.000000000008,1360.000000000099,0.0,0.0,83.175,83.739,83.175,84.525,5640.000000000072,13500.000000000085
378,83.447,83.467,83.331,83.447,300,2021-10-21 10:06:58,0:13:59,1359.9999999999568,0.0,0.0,0.0,83.175,83.739,83.175,84.525,5640.000000000072,13500.000000000085
379,83.452,83.608,83.387,83.412,300,2021-10-21 10:20:57,0:14:02,2210.0000000000364,399.9999999999204,0.0,0.0,83.175,83.739,83.175,84.525,5640.000000000072,13500.000000000085
380,83.407,83.487,83.356,83.392,300,2021-10-21 10:35:00,0:19:08,1310.0000000000023,150.00000000000568,0.0,0.0,83.175,83.739,83.175,84.525,5640.000000000072,13500.000000000085
381,83.397,83.407,83.296,83.306,300,2021-10-21 10:54:09,0:18:16,1109.9999999999,910.0000000000819,0.0,0.0,83.175,83.739,83.175,84.525,5640.000000000072,13500.000000000085
382,83.326,83.457,83.286,83.387,300,2021-10-21 11:12:29,0:14:41,1709.9999999999227,610.0000000000705,0.0,0.0,83.175,83.739,83.175,84.273,5640.000000000072,10979.999999999989
383,83.382,83.392,83.205,83.22,300,2021-10-21 11:27:10,0:12:48,1869.9999999999761,1620.0000000000614,0.0,0.0,83.175,83.739,83.175,84.273,5640.000000000072,10979.999999999989
384,83.215,83.447,83.2,83.387,300,2021-10-21 11:39:58,0:14:11,2469.999999999999,1719.9999999999704,0.0,0.0,83.175,83.608,83.175,84.273,4330.000000000069,10979.999999999989
385,83.392,83.507,83.382,83.437,300,2021-10-21 11:54:13,0:09:33,1250.0,450.00000000001705,0.0,0.0,83.175,83.608,83.175,84.162,4330.000000000069,9870.00000000009
386,83.427,83.699,83.417,83.568,300,2021-10-21 12:03:47,0:06:10,2819.9999999999645,1409.9999999999113,0.0,0.0,83.175,83.699,83.175,84.162,5240.000000000009,9870.00000000009
387,83.558,83.598,83.457,83.517,300,2021-10-21 12:10:00,0:09:39,1410.0000000000534,410.0000000001103,0.0,0.0,83.175,83.699,83.175,84.162,5240.000000000009,9870.00000000009
388,83.512,83.618,83.472,83.553,300,2021-10-21 12:19:39,0:12:24,1460.000000000008,409.99999999996817,0.0,0.0,83.2,83.699,83.175,83.991,4989.999999999953,8160.0000000000255
389,83.548,83.749,83.533,83.669,300,2021-10-21 12:32:03,0:07:08,2159.99999999994,1209.9999999999511,0.0,0.0,83.2,83.749,83.175,83.991,5489.999999999924,8160.0000000000255
390,83.679,83.699,83.528,83.578,300,2021-10-21 12:39:11,0:09:18,1709.9999999999227,1009.9999999999909,0.0,0.0,83.2,83.749,83.175,83.991,5489.999999999924,8160.0000000000255
391,83.583,83.608,83.366,83.462,300,2021-10-21 12:48:30,0:09:29,2420.0000000000446,1209.9999999999511,0.0,0.0,83.2,83.749,83.175,83.85,5489.999999999924,6749.999999999972
392,83.467,83.638,83.276,83.311,300,2021-10-21 12:57:59,0:03:44,3620.00000000009,1559.999999999917,0.0,0.0,83.2,83.749,83.175,83.85,5489.999999999924,6749.999999999972
393,83.306,83.588,83.306,83.578,300,2021-10-21 13:01:44,0:03:37,2819.9999999999645,2720.0000000000555,0.0,0.0,83.2,83.749,83.175,83.85,5489.999999999924,6749.999999999972
394,83.583,83.749,83.487,83.719,300,2021-10-21 13:05:22,0:03:49,2620.0000000000045,1359.9999999999568,0.0,0.0,83.2,83.749,83.175,83.784,5489.999999999924,6090.000000000089
395,83.739,83.779,83.502,83.512,300,2021-10-21 13:09:13,0:04:12,2770.00000000001,2270.0000000000387,0.0,0.0,83.2,83.779,83.175,83.784,5789.999999999935,6090.000000000089
396,83.517,83.648,83.417,83.643,300,2021-10-21 13:13:25,0:04:31,2309.9999999999454,1260.0000000000477,0.0,0.0,83.276,83.779,83.175,83.784,5030.000000000001,6090.000000000089
397,83.648,83.648,83.447,83.467,300,2021-10-21 13:17:56,0:04:17,2009.999999999934,1809.9999999999739,0.0,0.0,83.276,83.779,83.175,83.784,5030.000000000001,6090.000000000089
398,83.472,83.492,83.306,83.316,300,2021-10-21 13:22:13,0:05:47,1860.0000000000705,1559.999999999917,0.0,0.0,83.276,83.779,83.175,83.784,5030.000000000001,6090.000000000089
399,83.321,83.379,83.057,83.324,300,2021-10-21 13:28:02,0:03:35,3220.0000000000273,30.000000000001137,0.0,0.0,83.057,83.779,83.057,83.784,7219.999999999942,7270.000000000038
400,83.329,83.379,83.188,83.268,300,2021-10-21 13:31:37,0:03:15,1910.000000000025,609.9999999999284,0.0,0.0,83.057,83.779,83.057,83.779,7219.999999999942,7219.999999999942
401,83.258,83.319,83.168,83.258,300,2021-10-21 13:34:54,0:03:39,1509.9999999999625,0.0,0.0,0.0,83.057,83.779,83.057,83.779,7219.999999999942,7219.999999999942
402,83.253,83.288,83.097,83.147,300,2021-10-21 13:38:34,0:03:53,1910.000000000025,1059.9999999999454,0.0,0.0,83.057,83.779,83.057,83.779,7219.999999999942,7219.999999999942
403,83.137,83.137,82.931,83.067,300,2021-10-21 13:42:28,0:03:53,2060.000000000031,700.0000000000739,0.0,0.0,82.931,83.779,82.931,83.779,8479.999999999989,8479.999999999989
404,83.077,83.344,83.077,83.268,300,2021-10-21 13:46:22,0:03:48,2669.999999999959,1910.000000000025,0.0,0.0,82.931,83.779,82.931,83.779,8479.999999999989,8479.999999999989
405,83.288,83.389,83.228,83.248,300,2021-10-21 13:50:11,0:05:22,1610.0000000000136,399.9999999999204,0.0,0.0,82.931,83.779,82.931,83.779,8479.999999999989,8479.999999999989
406,83.238,83.555,83.198,83.525,300,2021-10-21 13:55:39,0:05:10,3570.0000000001355,2870.0000000000614,0.0,0.0,82.931,83.779,82.931,83.779,8479.999999999989,8479.999999999989
407,83.53,83.601,83.359,83.359,300,2021-10-21 14:00:49,0:04:44,2420.0000000000446,1710.0000000000648,0.0,0.0,82.931,83.648,82.931,83.779,7169.999999999987,8479.999999999989
408,83.349,83.364,83.137,83.208,300,2021-10-21 14:05:33,0:05:36,2270.0000000000387,1410.0000000000534,0.0,0.0,82.931,83.648,82.931,83.779,7169.999999999987,8479.999999999989
409,83.198,83.208,82.936,83.087,300,2021-10-21 14:11:10,0:04:50,2719.9999999999136,1109.9999999999,0.0,0.0,82.931,83.601,82.931,83.779,6700.000000000017,8479.999999999989
410,83.092,83.117,82.805,82.916,300,2021-10-21 14:16:00,0:03:58,3119.9999999999764,1760.0000000000193,0.0,0.0,82.805,83.601,82.805,83.779,7959.999999999923,9739.999999999894
411,82.911,82.926,82.785,82.896,300,2021-10-21 14:19:58,0:04:29,1410.0000000000534,150.00000000000568,0.0,0.0,82.785,83.601,82.785,83.779,8160.0000000000255,9939.999999999998
412,82.891,82.906,82.724,82.785,300,2021-10-21 14:24:27,0:04:27,1820.0000000000216,1060.0000000000875,0.0,0.0,82.724,83.601,82.724,83.779,8769.999999999953,10549.999999999925
413,82.79,83.001,82.755,82.926,300,2021-10-21 14:28:56,0:04:53,2460.000000000093,1359.9999999999568,0.0,0.0,82.724,83.601,82.724,83.779,8769.999999999953,10549.999999999925
414,82.936,83.027,82.785,82.805,300,2021-10-21 14:33:51,0:05:27,2420.0000000000446,1310.0000000000023,0.0,0.0,82.724,83.601,82.724,83.779,8769.999999999953,10549.999999999925
415,82.795,82.815,82.684,82.724,300,2021-10-21 14:39:20,0:06:46,1310.0000000000023,709.9999999999795,0.0,0.0,82.684,83.601,82.684,83.779,9170.000000000016,10949.999999999989
416,82.714,82.765,82.533,82.538,300,2021-10-21 14:46:07,0:06:46,2319.999999999993,1760.0000000000193,0.0,0.0,82.533,83.601,82.533,83.779,10679.999999999978,12459.99999999995
417,82.543,82.553,82.16,82.281,300,2021-10-21 14:52:53,0:02:55,3930.000000000007,2620.0000000000045,0.0,0.0,82.16,83.601,82.16,83.779,14410.000000000025,16189.999999999998
418,82.271,82.301,82.11,82.11,300,2021-10-21 14:55:49,0:03:48,1910.000000000025,1610.0000000000136,0.0,0.0,82.11,83.601,82.11,83.779,14909.999999999996,16689.99999999997
419,82.12,82.301,82.08,82.186,300,2021-10-21 14:59:37,0:03:35,2210.0000000000364,660.000000000025,0.0,0.0,82.08,83.364,82.08,83.779,12840.00000000006,16989.99999999998
420,82.181,82.312,81.949,81.954,300,2021-10-21 15:03:12,0:03:50,3629.9999999999955,2270.0000000000387,0.0,0.0,81.949,83.208,81.949,83.779,12590.000000000004,18299.99999999998
421,81.949,82.03,81.919,81.994,300,2021-10-21 15:07:02,0:03:13,1110.000000000042,450.00000000001705,0.0,0.0,81.919,83.117,81.919,83.779,11980.000000000075,18599.999999999993
422,81.989,82.03,81.838,81.838,300,2021-10-21 15:10:15,0:05:03,1920.0000000000728,1510.0000000001046,0.0,0.0,81.838,83.027,81.838,83.779,11890.000000000071,19410.000000000025
423,81.843,81.868,81.516,81.848,300,2021-10-21 15:15:24,0:03:13,3519.9999999998963,49.999999999954525,0.0,0.0,81.516,83.027,81.516,83.779,15109.999999999956,22629.99999999991
424,81.853,81.999,81.788,81.999,300,2021-10-21 15:18:38,0:03:41,2109.9999999999854,1460.000000000008,0.0,0.0,81.516,83.027,81.516,83.779,15109.999999999956,22629.99999999991
425,81.989,82.07,81.939,82.05,300,2021-10-21 15:22:20,0:05:06,1310.0000000000023,609.9999999999284,0.0,0.0,81.516,83.027,81.516,83.779,15109.999999999956,22629.99999999991
426,82.03,82.04,81.612,81.612,300,2021-10-21 15:27:27,0:03:33,4280.000000000115,4180.000000000064,0.0,0.0,81.516,82.815,81.516,83.779,12989.999999999924,22629.99999999991
427,81.617,81.647,81.355,81.647,300,2021-10-21 15:31:01,0:03:17,2920.000000000016,300.00000000001137,0.0,0.0,81.355,82.765,81.355,83.779,14099.999999999965,24239.999999999924
428,81.637,81.763,81.496,81.753,300,2021-10-21 15:34:18,0:04:18,2670.000000000101,1159.9999999999966,0.0,0.0,81.355,82.553,81.355,83.779,11979.999999999933,24239.999999999924
429,81.748,81.778,81.647,81.657,300,2021-10-21 15:38:37,0:05:59,1310.0000000000023,910.0000000000819,0.0,0.0,81.355,82.312,81.355,83.779,9569.999999999936,24239.999999999924
430,81.667,81.848,81.647,81.732,300,2021-10-21 15:44:36,0:05:12,2009.999999999934,649.9999999999773,0.0,0.0,81.355,82.312,81.355,83.648,9569.999999999936,22929.99999999992
431,81.727,81.889,81.687,81.848,300,2021-10-21 15:49:48,0:07:09,2019.9999999999818,1209.9999999999511,0.0,0.0,81.355,82.312,81.355,83.648,9569.999999999936,22929.99999999992
432,81.858,81.959,81.808,81.909,300,2021-10-21 15:56:58,0:06:28,1509.9999999999625,510.0000000000193,0.0,0.0,81.355,82.07,81.355,83.648,7149.999999999892,22929.99999999992
433,81.919,81.939,81.778,81.858,300,2021-10-21 16:03:32,0:08:11,1609.9999999998715,609.9999999999284,0.0,0.0,81.355,82.07,81.355,83.601,7149.999999999892,22459.999999999953
434,81.889,81.924,81.788,81.858,300,2021-10-21 16:11:49,0:08:20,1360.000000000099,309.999999999917,0.0,0.0,81.355,82.07,81.355,83.601,7149.999999999892,22459.999999999953
435,81.853,82.08,81.838,81.994,300,2021-10-21 16:20:10,0:10:08,2420.0000000000446,1410.0000000000534,0.0,0.0,81.355,82.08,81.355,83.601,7249.999999999944,22459.999999999953
436,81.989,82.246,81.959,82.181,300,2021-10-21 16:30:18,0:09:58,2869.999999999919,1919.9999999999307,0.0,0.0,81.355,82.246,81.355,83.601,8909.99999999991,22459.999999999953
437,82.171,82.281,82.15,82.196,300,2021-10-21 16:40:16,0:12:56,1310.0000000000023,249.99999999991473,0.0,0.0,81.355,82.281,81.355,83.601,9260.00000000002,22459.999999999953
438,82.201,82.301,81.984,82.171,300,2021-10-21 16:53:12,0:06:51,3170.0000000000728,299.99999999986926,0.0,0.0,81.355,82.301,81.355,83.601,9459.99999999998,22459.999999999953
439,82.211,82.372,82.191,82.216,300,2021-10-21 17:00:05,0:07:29,1809.9999999999739,49.999999999954525,0.0,0.0,81.496,82.372,81.355,83.601,8760.000000000047,22459.999999999953
440,82.221,82.261,82.04,82.095,300,2021-10-21 17:07:35,0:07:33,2209.9999999998945,1260.0000000000477,0.0,0.0,81.647,82.372,81.355,83.601,7249.999999999944,22459.999999999953
441,82.1,82.402,82.06,82.362,300,2021-10-21 17:15:09,0:09:57,3419.9999999999873,2620.0000000000045,0.0,0.0,81.647,82.402,81.355,83.601,7549.9999999999545,22459.999999999953
442,82.352,82.362,82.241,82.296,300,2021-10-21 17:25:08,0:11:56,1209.9999999999511,559.9999999999739,0.0,0.0,81.687,82.402,81.355,83.208,7150.000000000035,18529.999999999945
443,82.291,82.473,82.271,82.452,300,2021-10-21 17:37:07,0:11:06,2019.9999999999818,1610.0000000000136,0.0,0.0,81.778,82.473,81.355,83.208,6949.999999999932,18529.999999999945
444,82.442,82.523,82.291,82.473,300,2021-10-21 17:48:16,0:09:59,2319.999999999993,310.0000000000591,0.0,0.0,81.778,82.523,81.355,83.208,7449.999999999904,18529.999999999945
445,82.468,82.694,82.412,82.659,300,2021-10-21 17:58:15,0:05:52,2819.9999999999645,1910.000000000025,0.0,0.0,81.788,82.694,81.355,83.027,9060.000000000058,16719.99999999997
446,82.654,82.755,82.604,82.714,300,2021-10-21 18:04:07,0:06:24,1509.9999999999625,600.0000000000227,0.0,0.0,81.838,82.755,81.355,83.027,9170.000000000016,16719.99999999997
447,82.724,82.845,82.704,82.835,300,2021-10-21 18:10:33,0:08:28,1410.0000000000534,1109.9999999999,0.0,0.0,81.959,82.845,81.355,83.027,8859.999999999956,16719.99999999997
448,82.83,83.016,82.825,82.996,300,2021-10-21 18:19:01,0:06:33,1910.000000000025,1659.9999999999682,0.0,0.0,81.984,83.016,81.355,83.016,10320.000000000107,16610.000000000015
449,82.991,83.117,82.926,83.057,300,2021-10-21 18:25:38,0:04:48,1910.000000000025,660.000000000025,0.0,0.0,81.984,83.117,81.355,83.117,11330.000000000098,17620.000000000004
450,83.062,83.188,83.057,83.117,300,2021-10-21 18:30:29,0:12:03,1310.0000000000023,550.0000000000682,0.0,0.0,82.04,83.188,81.355,83.188,11479.999999999962,18329.999999999985
451,83.107,83.268,83.097,83.152,300,2021-10-21 18:42:32,0:25:19,1710.0000000000648,450.00000000001705,0.0,0.0,82.04,83.268,81.355,83.268,12279.999999999944,19129.999999999967
452,83.157,83.238,83.117,83.218,300,2021-10-21 19:07:52,0:36:39,1209.9999999999511,610.0000000000705,0.0,0.0,82.06,83.268,81.355,83.268,12079.999999999984,19129.999999999967
453,83.228,83.288,83.16,83.19,300,2021-10-21 19:44:58,0:36:04,1280.0000000000011,379.99999999996703,0.0,0.0,82.241,83.288,81.355,83.288,10469.99999999997,19329.999999999927
454,83.185,83.221,83.075,83.08,300,2021-10-21 20:21:04,1:40:11,1460.000000000008,1050.0000000000398,0.0,0.0,82.271,83.288,81.355,83.288,10169.99999999996,19329.999999999927
455,83.085,83.085,82.833,82.843,300,2021-10-21 22:01:16,1:05:00,2519.9999999999536,2419.9999999999022,0.0,0.0,82.291,83.288,81.355,83.288,9969.999999999998,19329.999999999927
456,82.854,82.994,82.833,82.984,300,2021-10-21 23:06:18,0:56:33,1610.0000000000136,1299.9999999999545,0.0,0.0,82.412,83.288,81.355,83.288,8759.999999999905,19329.999999999927
457,82.974,83.105,82.929,83.095,300,2021-10-22 00:02:56,0:22:51,1760.0000000000193,1209.9999999999511,0.0,0.0,82.604,83.288,81.355,83.288,6839.9999999999745,19329.999999999927
458,83.09,83.145,83.035,83.115,300,2021-10-22 00:25:47,0:29:31,1099.9999999999943,249.99999999991473,0.0,0.0,82.704,83.288,81.355,83.288,5840.000000000032,19329.999999999927
459,83.12,83.357,83.12,83.261,300,2021-10-22 00:55:18,0:10:39,2369.9999999999477,1409.9999999999113,0.0,0.0,82.825,83.357,81.355,83.357,5319.9999999999645,20019.999999999953
460,83.256,83.548,83.256,83.518,300,2021-10-22 01:05:57,0:08:08,2920.000000000016,2620.0000000000045,0.0,0.0,82.833,83.548,81.355,83.548,7150.000000000035,21929.999999999978
461,83.528,83.649,83.498,83.578,300,2021-10-22 01:14:06,0:09:09,1509.9999999999625,499.9999999999716,0.0,0.0,82.833,83.649,81.355,83.649,8160.0000000000255,22939.99999999997
462,83.583,83.594,83.437,83.498,300,2021-10-22 01:23:21,0:11:27,1569.9999999999648,849.9999999999375,0.0,0.0,82.833,83.649,81.355,83.649,8160.0000000000255,22939.99999999997
463,83.493,83.518,83.286,83.297,300,2021-10-22 01:34:49,0:11:56,2319.999999999993,1959.9999999999795,0.0,0.0,82.833,83.649,81.647,83.649,8160.0000000000255,20019.999999999953
464,83.286,83.297,83.196,83.216,300,2021-10-22 01:46:47,0:12:46,1009.9999999999909,700.0000000000739,0.0,0.0,82.833,83.649,81.647,83.649,8160.0000000000255,20019.999999999953
465,83.211,83.297,83.156,83.241,300,2021-10-22 01:59:37,0:13:35,1409.9999999999113,300.00000000001137,0.0,0.0,82.833,83.649,81.647,83.649,8160.0000000000255,20019.999999999953
466,83.236,83.246,82.783,82.838,300,2021-10-22 02:13:14,0:18:44,4629.999999999938,3980.0000000001037,0.0,0.0,82.783,83.649,81.778,83.649,8659.999999999996,18709.999999999953
467,82.843,82.884,82.612,82.652,300,2021-10-22 02:31:58,0:11:24,2720.0000000000555,1910.000000000025,0.0,0.0,82.612,83.649,81.778,83.649,10370.000000000062,18709.999999999953
468,82.662,82.813,82.602,82.713,300,2021-10-22 02:43:26,0:13:06,2109.9999999999854,509.9999999998772,0.0,0.0,82.602,83.649,81.778,83.649,10469.99999999997,18709.999999999953
469,82.723,82.773,82.551,82.592,300,2021-10-22 02:56:33,0:10:47,2219.999999999942,1310.0000000000023,0.0,0.0,82.551,83.649,81.959,83.649,10979.999999999989,16899.999999999978
470,82.582,82.773,82.521,82.682,300,2021-10-22 03:07:21,0:10:57,2519.9999999999536,1000.0000000000853,0.0,0.0,82.521,83.649,81.959,83.649,11280.000000000002,16899.999999999978
471,82.692,82.899,82.682,82.823,300,2021-10-22 03:18:27,0:13:58,2169.9999999999873,1310.0000000000023,0.0,0.0,82.521,83.649,81.959,83.649,11280.000000000002,16899.999999999978
472,82.828,82.838,82.642,82.677,300,2021-10-22 03:32:49,0:47:54,1959.9999999999795,1509.9999999999625,0.0,0.0,82.521,83.649,82.04,83.649,11280.000000000002,16089.999999999947
473,82.672,82.773,82.617,82.773,300,2021-10-22 04:20:43,0:44:48,1559.999999999917,1009.9999999999909,0.0,0.0,82.521,83.594,82.04,83.649,10729.999999999933,16089.999999999947
474,82.783,82.823,82.612,82.622,300,2021-10-22 05:05:31,0:26:33,2109.9999999999854,1610.0000000000136,0.0,0.0,82.521,83.518,82.04,83.649,9969.999999999998,16089.999999999947
475,82.617,82.682,82.451,82.461,300,2021-10-22 05:32:04,0:12:12,2310.0000000000873,1560.0000000000591,0.0,0.0,82.451,83.297,82.241,83.649,8460.000000000036,14080.000000000013
476,82.451,82.622,82.436,82.541,300,2021-10-22 05:44:17,0:12:49,1859.9999999999284,900.0000000000341,0.0,0.0,82.436,83.297,82.241,83.649,8609.9999999999,14080.000000000013
477,82.536,82.592,82.38,82.38,300,2021-10-22 05:57:06,0:15:03,2120.0000000000327,1560.0000000000591,0.0,0.0,82.38,83.246,82.241,83.649,8659.999999999996,14080.000000000013
478,82.385,82.491,82.31,82.451,300,2021-10-22 06:12:10,0:09:30,1809.9999999999739,659.9999999998829,0.0,0.0,82.31,82.899,82.31,83.649,5889.999999999986,13389.999999999985
479,82.441,82.582,82.441,82.557,300,2021-10-22 06:21:41,0:16:10,1409.9999999999113,1159.9999999999966,0.0,0.0,82.31,82.899,82.31,83.649,5889.999999999986,13389.999999999985
480,82.551,82.622,82.451,82.481,300,2021-10-22 06:37:51,0:17:14,1710.0000000000648,700.0000000000739,0.0,0.0,82.31,82.899,82.31,83.649,5889.999999999986,13389.999999999985
481,82.486,82.753,82.395,82.753,300,2021-10-22 06:55:11,0:09:18,3580.000000000041,2669.999999999959,0.0,0.0,82.31,82.899,82.31,83.649,5889.999999999986,13389.999999999985
482,82.733,82.984,82.713,82.944,300,2021-10-22 07:04:34,0:07:43,2710.000000000008,2109.9999999999854,0.0,0.0,82.31,82.984,82.31,83.649,6739.999999999924,13389.999999999985
483,82.934,82.994,82.823,82.979,300,2021-10-22 07:12:18,0:08:36,1710.0000000000648,450.00000000001705,0.0,0.0,82.31,82.994,82.31,83.649,6839.9999999999745,13389.999999999985
484,82.974,83.166,82.964,83.115,300,2021-10-22 07:20:55,0:09:02,2019.9999999999818,1409.9999999999113,0.0,0.0,82.31,83.166,82.31,83.649,8559.999999999945,13389.999999999985
485,83.11,83.186,82.974,83.04,300,2021-10-22 07:29:57,0:07:33,2120.0000000000327,699.9999999999318,0.0,0.0,82.31,83.186,82.31,83.649,8760.000000000047,13389.999999999985
486,83.045,83.055,82.894,82.914,300,2021-10-22 07:37:30,0:09:56,1610.0000000000136,1310.0000000000023,0.0,0.0,82.31,83.186,82.31,83.649,8760.000000000047,13389.999999999985
487,82.924,83.156,82.803,83.035,300,2021-10-22 07:47:33,0:09:56,3530.0000000000864,1109.9999999999,0.0,0.0,82.31,83.186,82.31,83.649,8760.000000000047,13389.999999999985
488,83.025,83.216,82.984,83.211,300,2021-10-22 07:57:31,0:09:01,2319.999999999993,1859.9999999999284,0.0,0.0,82.31,83.216,82.31,83.649,9059.999999999916,13389.999999999985
489,83.216,83.236,83.135,83.166,300,2021-10-22 08:06:32,0:11:48,1009.9999999999909,499.9999999999716,0.0,0.0,82.31,83.236,82.31,83.649,9260.00000000002,13389.999999999985
490,83.171,83.196,83.025,83.045,300,2021-10-22 08:18:22,0:09:00,1709.9999999999227,1260.0000000000477,0.0,0.0,82.395,83.236,82.31,83.649,8410.000000000082,13389.999999999985
491,83.055,83.256,83.025,83.231,300,2021-10-22 08:27:26,0:04:24,2309.9999999999454,1759.9999999998772,0.0,0.0,82.395,83.256,82.31,83.649,8610.000000000042,13389.999999999985
492,83.226,83.312,83.206,83.286,300,2021-10-22 08:31:51,0:10:45,1059.9999999999454,600.0000000000227,0.0,0.0,82.395,83.312,82.31,83.649,9170.000000000016,13389.999999999985
493,83.276,83.437,83.266,83.392,300,2021-10-22 08:42:41,0:12:24,1709.9999999999227,1159.9999999999966,0.0,0.0,82.713,83.437,82.31,83.649,7240.000000000037,13389.999999999985
494,83.397,83.417,83.302,83.337,300,2021-10-22 08:55:05,0:10:31,1149.9999999999488,600.0000000000227,0.0,0.0,82.803,83.437,82.31,83.649,6340.000000000004,13389.999999999985
495,83.347,83.478,83.327,83.437,300,2021-10-22 09:05:49,0:11:06,1509.9999999999625,900.0000000000341,0.0,0.0,82.803,83.478,82.31,83.649,6749.999999999972,13389.999999999985
496,83.448,83.468,83.347,83.422,300,2021-10-22 09:16:55,0:10:31,1210.0000000000932,259.9999999999625,0.0,0.0,82.803,83.478,82.31,83.518,6749.999999999972,12079.999999999984
497,83.417,83.427,83.176,83.191,300,2021-10-22 09:27:26,0:09:13,2510.0000000000477,2259.999999999991,0.0,0.0,82.803,83.478,82.31,83.518,6749.999999999972,12079.999999999984
498,83.196,83.417,83.156,83.397,300,2021-10-22 09:36:40,0:10:28,2609.999999999957,2010.0000000000762,0.0,0.0,82.803,83.478,82.31,83.518,6749.999999999972,12079.999999999984
499,83.387,83.437,83.347,83.427,300,2021-10-22 09:47:14,0:19:22,900.0000000000341,400.0000000000625,0.0,0.0,82.984,83.478,82.31,83.478,4939.999999999998,11679.999999999922
500,83.422,83.508,83.397,83.468,300,2021-10-22 10:06:47,0:13:46,1109.9999999999,460.0000000000648,0.0,0.0,83.025,83.508,82.31,83.508,4829.999999999899,11979.999999999933
501,83.473,83.478,83.317,83.387,300,2021-10-22 10:20:37,0:15:20,1610.0000000000136,859.9999999999852,0.0,0.0,83.025,83.508,82.31,83.508,4829.999999999899,11979.999999999933
502,83.397,83.588,83.317,83.578,300,2021-10-22 10:36:09,0:15:14,2710.000000000008,1809.9999999999739,0.0,0.0,83.025,83.588,82.31,83.588,5629.999999999882,12779.999999999916
503,83.568,83.669,83.558,83.659,300,2021-10-22 10:51:26,0:14:36,1109.9999999999,910.0000000000819,0.0,0.0,83.156,83.669,82.31,83.669,5129.99999999991,13589.999999999947
504,83.649,83.669,83.548,83.604,300,2021-10-22 11:06:03,0:11:47,1209.9999999999511,450.00000000001705,0.0,0.0,83.156,83.669,82.31,83.669,5129.99999999991,13589.999999999947
505,83.609,83.81,83.568,83.79,300,2021-10-22 11:17:51,0:15:32,2420.0000000000446,1810.000000000116,0.0,0.0,83.156,83.81,82.31,83.81,6539.999999999964,15000.0
506,83.8,83.82,83.719,83.765,300,2021-10-22 11:33:23,0:13:03,1009.9999999999909,349.9999999999659,0.0,0.0,83.156,83.82,82.31,83.82,6639.999999999873,15099.999999999909
507,83.77,83.88,83.76,83.82,300,2021-10-22 11:46:33,0:17:31,1199.9999999999034,499.9999999999716,0.0,0.0,83.156,83.88,82.31,83.88,7239.999999999895,15699.99999999993
508,83.81,83.971,83.78,83.926,300,2021-10-22 12:04:16,0:12:17,1910.000000000025,1159.9999999999966,0.0,0.0,83.156,83.971,82.31,83.971,8149.999999999977,16610.000000000015
509,83.931,83.961,83.77,83.83,300,2021-10-22 12:16:37,0:10:00,1910.000000000025,1009.9999999999909,0.0,0.0,83.156,83.971,82.31,83.971,8149.999999999977,16610.000000000015
510,83.825,83.87,83.649,83.684,300,2021-10-22 12:26:38,0:08:50,2210.0000000000364,1410.0000000000534,0.0,0.0,83.317,83.971,82.31,83.971,6540.0000000001055,16610.000000000015
511,83.689,83.78,83.664,83.75,300,2021-10-22 12:35:29,0:14:02,1159.9999999999966,610.0000000000705,0.0,0.0,83.317,83.971,82.31,83.971,6540.0000000001055,16610.000000000015
512,83.745,83.87,83.639,83.84,300,2021-10-22 12:49:42,0:10:11,2310.0000000000873,949.9999999999886,0.0,0.0,83.317,83.971,82.31,83.971,6540.0000000001055,16610.000000000015
513,83.83,83.911,83.75,83.82,300,2021-10-22 13:00:00,0:06:10,1610.0000000000136,100.00000000005116,0.0,0.0,83.317,83.971,82.31,83.971,6540.0000000001055,16610.000000000015
514,83.825,83.84,83.609,83.835,300,2021-10-22 13:06:15,0:04:59,2310.0000000000873,99.99999999990905,0.0,0.0,83.548,83.971,82.395,83.971,4230.000000000018,15760.000000000076
515,83.84,83.911,83.669,83.85,300,2021-10-22 13:11:15,0:05:54,2420.0000000000446,99.99999999990905,0.0,0.0,83.548,83.971,82.395,83.971,4230.000000000018,15760.000000000076
516,83.87,83.941,83.83,83.911,300,2021-10-22 13:17:09,0:08:32,1110.000000000042,409.99999999996817,0.0,0.0,83.568,83.971,82.395,83.971,4030.000000000058,15760.000000000076
517,83.916,83.943,83.81,83.903,300,2021-10-22 13:25:43,0:06:07,1329.9999999999557,129.9999999999102,0.0,0.0,83.609,83.971,82.803,83.971,3620.00000000009,11680.000000000064
518,83.918,84.145,83.913,84.135,300,2021-10-22 13:31:51,0:05:09,2319.999999999993,2169.9999999999873,0.0,0.0,83.609,84.145,82.803,84.145,5360.000000000014,13419.999999999987
519,84.14,84.145,83.898,84.019,300,2021-10-22 13:37:01,0:05:06,2469.999999999999,1209.9999999999511,0.0,0.0,83.609,84.145,82.803,84.145,5360.000000000014,13419.999999999987
520,84.014,84.13,84.004,84.029,300,2021-10-22 13:42:07,0:06:20,1259.9999999999056,150.00000000000568,0.0,0.0,83.609,84.145,82.803,84.145,5360.000000000014,13419.999999999987
521,84.024,84.115,83.923,83.964,300,2021-10-22 13:48:27,0:06:24,1919.9999999999307,600.0000000000227,0.0,0.0,83.609,84.145,82.803,84.145,5360.000000000014,13419.999999999987
522,83.953,84.014,83.737,83.742,300,2021-10-22 13:54:55,0:05:23,2770.00000000001,2109.9999999999854,0.0,0.0,83.609,84.145,82.803,84.145,5360.000000000014,13419.999999999987
523,83.752,83.802,83.4,83.42,300,2021-10-22 14:00:18,0:03:44,4020.00000000001,3319.9999999999363,0.0,0.0,83.4,84.145,83.025,84.145,7449.999999999904,11199.999999999904
524,83.43,83.541,83.369,83.531,300,2021-10-22 14:04:02,0:04:22,1719.9999999999704,1009.9999999999909,0.0,0.0,83.369,84.145,83.025,84.145,7759.999999999963,11199.999999999904
525,83.551,83.762,83.51,83.747,300,2021-10-22 14:08:24,0:05:46,2519.9999999999536,1959.9999999999795,0.0,0.0,83.369,84.145,83.025,84.145,7759.999999999963,11199.999999999904
526,83.742,83.752,83.46,83.541,300,2021-10-22 14:14:10,0:05:44,2920.000000000016,2010.0000000000762,0.0,0.0,83.369,84.145,83.156,84.145,7759.999999999963,9889.999999999902
527,83.531,83.631,83.39,83.47,300,2021-10-22 14:19:55,0:05:43,2409.9999999999964,610.0000000000705,0.0,0.0,83.369,84.145,83.156,84.145,7759.999999999963,9889.999999999902
528,83.465,83.601,83.44,83.51,300,2021-10-22 14:25:40,0:05:35,1610.0000000000136,450.00000000001705,0.0,0.0,83.369,84.145,83.156,84.145,7759.999999999963,9889.999999999902
529,83.521,83.591,83.49,83.536,300,2021-10-22 14:31:16,0:06:17,1009.9999999999909,150.00000000000568,0.0,0.0,83.369,84.145,83.156,84.145,7759.999999999963,9889.999999999902
530,83.531,83.561,83.4,83.551,300,2021-10-22 14:37:33,0:06:45,1610.0000000000136,199.9999999999602,0.0,0.0,83.369,84.145,83.156,84.145,7759.999999999963,9889.999999999902
531,83.541,83.601,83.259,83.369,300,2021-10-22 14:44:18,0:06:02,3419.9999999999873,1719.9999999999704,0.0,0.0,83.259,84.13,83.156,84.145,8709.99999999995,9889.999999999902
532,83.359,83.41,83.108,83.138,300,2021-10-22 14:50:21,0:05:33,3019.999999999925,2209.9999999998945,0.0,0.0,83.108,84.115,83.108,84.145,10069.999999999907,10369.99999999992
533,83.148,83.289,83.128,83.279,300,2021-10-22 14:55:54,0:05:00,1610.0000000000136,1310.0000000000023,0.0,0.0,83.108,84.014,83.108,84.145,9059.999999999916,10369.99999999992
534,83.289,83.571,83.289,83.521,300,2021-10-22 15:00:54,0:05:09,2819.9999999999645,2319.999999999993,0.0,0.0,83.108,83.802,83.108,84.145,6940.000000000026,10369.99999999992
535,83.526,83.536,83.249,83.264,300,2021-10-22 15:06:04,0:05:54,2870.0000000000614,2620.0000000000045,0.0,0.0,83.108,83.762,83.108,84.145,6539.999999999964,10369.99999999992
536,83.269,83.369,83.168,83.329,300,2021-10-22 15:11:59,0:04:33,2009.999999999934,599.9999999998806,0.0,0.0,83.108,83.762,83.108,84.145,6539.999999999964,10369.99999999992
537,83.324,83.46,83.259,83.46,300,2021-10-22 15:16:33,0:04:47,2009.999999999934,1359.9999999999568,0.0,0.0,83.108,83.752,83.108,84.145,6439.999999999913,10369.99999999992
538,83.47,83.571,83.435,83.531,300,2021-10-22 15:21:21,0:04:32,1359.9999999999568,610.0000000000705,0.0,0.0,83.108,83.631,83.108,84.145,5229.999999999962,10369.99999999992
539,83.521,83.571,83.42,83.455,300,2021-10-22 15:25:53,0:04:28,1509.9999999999625,660.000000000025,0.0,0.0,83.108,83.601,83.108,84.145,4929.99999999995,10369.99999999992
540,83.46,83.586,83.39,83.395,300,2021-10-22 15:30:22,0:05:30,1959.9999999999795,649.9999999999773,0.0,0.0,83.108,83.601,83.108,84.145,4929.99999999995,10369.99999999992
541,83.4,83.47,83.299,83.39,300,2021-10-22 15:35:52,0:05:07,1709.9999999999227,100.00000000005116,0.0,0.0,83.108,83.601,83.108,84.145,4929.99999999995,10369.99999999992
542,83.38,83.43,83.279,83.279,300,2021-10-22 15:40:59,0:05:09,1510.0000000001046,1009.9999999999909,0.0,0.0,83.108,83.601,83.108,84.145,4929.99999999995,10369.99999999992
543,83.289,83.314,83.188,83.259,300,2021-10-22 15:46:09,0:05:39,1259.9999999999056,300.00000000001137,0.0,0.0,83.108,83.586,83.108,84.145,4779.9999999999445,10369.99999999992
544,83.269,83.48,83.218,83.46,300,2021-10-22 15:51:48,0:06:02,2620.0000000000045,1909.999999999883,0.0,0.0,83.128,83.586,83.108,84.145,4579.999999999984,10369.99999999992
545,83.45,83.631,83.44,83.571,300,2021-10-22 15:57:51,0:07:50,1910.000000000025,1209.9999999999511,0.0,0.0,83.168,83.631,83.108,84.145,4629.999999999938,10369.99999999992
546,83.561,83.802,83.46,83.762,300,2021-10-22 16:05:43,0:06:46,3420.0000000001296,2009.999999999934,0.0,0.0,83.168,83.802,83.108,84.145,6340.000000000004,10369.99999999992
547,83.772,83.913,83.712,83.833,300,2021-10-22 16:12:30,0:07:31,2009.999999999934,609.9999999999284,0.0,0.0,83.168,83.913,83.108,84.145,7449.999999999904,10369.99999999992
548,83.823,83.843,83.717,83.732,300,2021-10-22 16:20:02,0:08:52,1260.0000000000477,909.9999999999397,0.0,0.0,83.188,83.913,83.108,84.145,7249.999999999944,10369.99999999992
549,83.722,83.883,83.712,83.883,300,2021-10-22 16:28:59,0:11:04,1709.9999999999227,1610.0000000000136,0.0,0.0,83.188,83.913,83.108,84.145,7249.999999999944,10369.99999999992
550,83.878,84.034,83.853,83.958,300,2021-10-22 16:40:05,0:16:09,1810.000000000116,799.999999999983,0.0,0.0,83.188,84.034,83.108,84.145,8460.000000000036,10369.99999999992
551,83.953,84.125,83.923,84.125,300,2021-10-22 16:56:15,0:13:36,2019.9999999999818,1719.9999999999704,0.0,0.0,83.188,84.125,83.108,84.145,9369.999999999976,10369.99999999992
552,84.115,84.255,84.024,84.215,300,2021-10-22 17:09:53,0:11:05,2309.9999999999454,1000.0000000000853,0.0,0.0,83.188,84.255,83.108,84.255,10669.99999999993,11469.999999999913
553,84.205,84.235,84.064,84.215,300,2021-10-22 17:21:00,0:09:58,1710.0000000000648,100.00000000005116,0.0,0.0,83.188,84.255,83.108,84.255,10669.99999999993,11469.999999999913
554,84.22,84.255,84.115,84.195,300,2021-10-22 17:31:01,0:12:05,1400.0000000000057,250.00000000005684,0.0,0.0,83.188,84.255,83.108,84.255,10669.99999999993,11469.999999999913
555,84.205,84.255,84.054,84.089,300,2021-10-22 17:43:12,0:16:25,2009.999999999934,1159.9999999999966,0.0,0.0,83.218,84.255,83.108,84.255,10369.99999999992,11469.999999999913
556,84.094,84.165,84.024,84.064,300,2021-10-22 17:59:37,0:07:34,1410.0000000000534,300.00000000001137,0.0,0.0,83.44,84.255,83.108,84.255,8149.999999999977,11469.999999999913
557,84.079,84.235,84.074,84.205,300,2021-10-22 18:07:11,0:09:59,1610.0000000000136,1260.0000000000477,0.0,0.0,83.46,84.255,83.108,84.255,7950.000000000017,11469.999999999913
558,84.21,84.255,84.135,84.21,300,2021-10-22 18:17:11,0:06:58,1199.9999999999034,0.0,0.0,0.0,83.712,84.255,83.108,84.255,5429.999999999922,11469.999999999913
559,84.185,84.366,84.145,84.306,300,2021-10-22 18:24:10,0:05:59,2210.0000000000364,1209.9999999999511,0.0,0.0,83.712,84.366,83.108,84.366,6539.999999999964,12579.999999999956
560,84.301,84.432,84.266,84.376,300,2021-10-22 18:30:10,0:15:50,1659.9999999999682,750.0000000000284,0.0,0.0,83.712,84.432,83.108,84.432,7199.999999999989,13239.99999999998
561,84.381,84.417,84.316,84.386,300,2021-10-22 18:46:00,0:31:12,1009.9999999999909,49.999999999954525,0.0,0.0,83.853,84.432,83.108,84.432,5790.000000000077,13239.99999999998
562,84.381,84.507,84.356,84.447,300,2021-10-22 19:17:44,0:31:40,1510.0000000001046,660.000000000025,0.0,0.0,83.923,84.507,83.108,84.507,5840.000000000032,13990.00000000001
563,84.457,84.651,84.447,84.646,300,2021-10-22 19:49:24,0:23:22,2039.9999999999352,1890.0000000000716,0.0,0.0,84.024,84.651,83.108,84.651,6269.999999999954,15429.999999999922
564,84.641,84.752,84.274,84.274,300,2021-10-22 20:12:49,48:47:51,4779.9999999999445,3670.0000000000446,0.0,0.0,84.024,84.752,83.108,84.752,7279.9999999999445,16439.999999999913
